{
    "cameraid": "C2af59912e43b0cc2",
    "loc": [
        7.19297091706788,
        -6.51817236650698,
        3.103307965336587
    ],
    "loc_prox": [
        7.12367273604585,
        -6.525021728627253,
        3.245504603549386
    ],
    "angle": -3.0470040289633333,
    "angle_prox": -3.0470461981306536,
    "fov": [
        2.5012050767068024,
        50.648676568332235,
        44.42282857493201
    ],
    "fov_prox": [
        3.751619686910919,
        51.8997670444082,
        44.42282857493202
    ],
    "R": [
        [
            -0.11295049395446184,
            0.9928881720648742,
            0.037619990551775354
        ],
        [
            0.4389953535891877,
            0.08383466087456595,
            -0.8945696334904011
        ],
        [
            -0.8913614673310414,
            -0.08452708092510419,
            -0.4453424605264288
        ]
    ],
    "R_prox": [
        [
            -0.11376307142349211,
            0.9928111160062494,
            0.03720284283114736
        ],
        [
            0.4583177169920315,
            0.08566698483614223,
            -0.884650234838773
        ],
        [
            -0.8814776422981502,
            -0.08358980585878759,
            -0.4647686634068444
        ]
    ],
    "rvec": [
        1.4385136044871105,
        1.6498089938619154,
        -0.9836951320893091
    ],
    "rvec_prox": [
        1.452634601731327,
        1.6659255810868199,
        -0.9692447382448854
    ],
    "tvec": [
        7.167782996958206,
        0.1652099221991794,
        7.242341785025394
    ],
    "tvec_prox": [
        7.167782996958206,
        0.1652099221991794,
        7.242341785025394
    ],
    "dist": [
        -0.36963142,
        0.14456421,
        0.00159254,
        0.00068338,
        -0.02897618
    ],
    "dist_prox": [
        -0.36963142,
        0.14456421,
        0.00159254,
        0.00068338,
        -0.02897618
    ],
    "mtx": [
        [
            865.4,
            0.0,
            653.68
        ],
        [
            0.0,
            863.05,
            357.26
        ],
        [
            0.0,
            0.0,
            1.0
        ]
    ],
    "mtx_prox": [
        [
            865.4,
            0.0,
            653.68
        ],
        [
            0.0,
            863.05,
            357.26
        ],
        [
            0.0,
            0.0,
            1.0
        ]
    ],
    "rotate_angle": [
        26.44525137124359,
        95.41711286573033,
        2.40808237905246
    ],
    "rotate_angle_prox": [
        27.69525137124359,
        95.41711286573033,
        2.40808237905246
    ],
    "anchors": [
        [
            3.7372216216768206,
            -9.020417172544148,
            1.3048413690841647
        ],
        [
            3.560862411919775,
            -9.028962990592017,
            0.5742369998556109
        ],
        [
            4.968216511594436,
            -6.942583042563702,
            1.0122684325194202
        ],
        [
            2.3917214540209066,
            -7.613992061317617,
            1.3429530428155836
        ],
        [
            4.508508199088891,
            -7.0746510710543715,
            0.2161095084428834
        ],
        [
            4.013245904600908,
            -9.181269457822514,
            0.8153813301143409
        ],
        [
            2.4549871964617935,
            -10.576737817796847,
            0.7106294636507637
        ],
        [
            2.9643406730982793,
            -10.498972436424912,
            1.461158268610197
        ],
        [
            3.267625152935185,
            -8.006972973168311,
            0.31668477410220486
        ],
        [
            4.377045958572116,
            -8.222355114210893,
            0.7767899414952031
        ],
        [
            2.9175888159500847,
            -8.869231361839805,
            1.3963380687756755
        ],
        [
            2.4258768920174765,
            -6.816791720125526,
            1.3481349205118076
        ],
        [
            2.9444129190587205,
            -10.732824030917639,
            0.42223688975570345
        ],
        [
            4.169448792624532,
            -8.6721816637382,
            0.6483742204150287
        ],
        [
            3.5396711453420284,
            -6.937847187243586,
            1.210604850177852
        ],
        [
            2.4555200288603674,
            -7.141435783182061,
            1.3553569793811555
        ],
        [
            3.7759859645955105,
            -6.790856881454846,
            1.2823012088423655
        ],
        [
            4.38798415385743,
            -7.570530381986068,
            0.9160433553907172
        ],
        [
            2.5828616363835106,
            -8.919621815604453,
            1.4918456900022175
        ],
        [
            3.7184534009776615,
            -8.465539315659875,
            1.4130940660899127
        ]
    ]
}