{
    "cameraid": "C39925050c3b34a6f",
    "loc": [
        5.54970655926385,
        4.840320045313194,
        3.062236876475281
    ],
    "loc_prox": [
        5.568178149334079,
        4.774755226605385,
        3.130868944226998
    ],
    "angle": -1.3010835245682162,
    "angle_prox": -1.3011538459843897,
    "fov": [
        6.673202935782577,
        54.34257200883446,
        44.422828574932026
    ],
    "fov_prox": [
        7.928721631425785,
        55.59709756336605,
        44.42282857493202
    ],
    "R": [
        [
            -0.9340173130959974,
            -0.33442480302778665,
            0.1255854687324916
        ],
        [
            -0.27343372421276946,
            0.44305940356147794,
            -0.8537753588496699
        ],
        [
            0.22988183334067233,
            -0.8317802690828711,
            -0.5052681730174163
        ]
    ],
    "R_prox": [
        [
            -0.9332921723285784,
            -0.33704857618063483,
            0.12395151618600703
        ],
        [
            -0.2783634929604458,
            0.46089676076308816,
            -0.8426671595030581
        ],
        [
            0.22689091400288153,
            -0.8209582408458419,
            -0.5239733580347741
        ]
    ],
    "rvec": [
        0.5515727217526258,
        -2.6157109289955467,
        1.5298851048379718
    ],
    "rvec_prox": [
        0.5552848882735064,
        -2.633051093804022,
        1.501085355461141
    ],
    "tvec": [
        6.417985579026291,
        1.9875887417037115,
        4.296997535943587
    ],
    "tvec_prox": [
        6.417985579026291,
        1.9875887417037115,
        4.296997535943587
    ],
    "dist": [
        -0.36963142,
        0.14456421,
        0.00159254,
        0.00068338,
        -0.02897618
    ],
    "dist_prox": [
        -0.36963142,
        0.14456421,
        0.00159254,
        0.00068338,
        -0.02897618
    ],
    "mtx": [
        [
            865.4,
            0.0,
            653.68
        ],
        [
            0.0,
            863.05,
            357.26
        ],
        [
            0.0,
            0.0,
            1.0
        ]
    ],
    "mtx_prox": [
        [
            865.4,
            0.0,
            653.68
        ],
        [
            0.0,
            863.05,
            357.26
        ],
        [
            0.0,
            0.0,
            1.0
        ]
    ],
    "rotate_angle": [
        30.349155902616463,
        -164.55062387212052,
        8.367874421679007
    ],
    "rotate_angle_prox": [
        31.599155902616463,
        -164.55062387212052,
        8.367874421679007
    ],
    "anchors": [
        [
            10.109723655553603,
            1.917138146104663,
            1.2426673279117961
        ],
        [
            9.884091267779663,
            1.2902669946754672,
            1.1183703165659062
        ],
        [
            6.60835651746061,
            3.1779646125065772,
            1.0179731602622144
        ],
        [
            6.553384763623041,
            2.4601506050185318,
            0.2241223508714824
        ],
        [
            3.944862311608037,
            1.3260074280364318,
            0.685529080038552
        ],
        [
            6.887957132884838,
            0.9867636351047047,
            0.34963571134715754
        ],
        [
            6.04177105251868,
            1.769091871623881,
            0.4998253295354728
        ],
        [
            6.886790898122771,
            2.630335238664685,
            0.27893988563502586
        ],
        [
            6.808934051865277,
            2.338943028103479,
            0.6408843624295846
        ],
        [
            3.2752120908362743,
            -0.01419395088140707,
            0.2912942754966707
        ],
        [
            8.33632772863442,
            1.680433191001017,
            0.3093155847238302
        ],
        [
            9.618592215393646,
            0.9914763888556819,
            0.5583107769457787
        ],
        [
            8.995238331641696,
            1.1989888016002777,
            1.2834890828233907
        ],
        [
            4.513862440856153,
            2.821025808718741,
            1.4460118264812294
        ],
        [
            7.34519796296827,
            3.48487592167759,
            1.46887008547364
        ],
        [
            6.063611974431819,
            2.988126173101907,
            1.003789253544526
        ],
        [
            4.203646557314144,
            0.9226309457076152,
            0.21295321192461314
        ],
        [
            8.84254833875713,
            1.7103791405285547,
            0.8220572179582146
        ],
        [
            6.853094155363166,
            1.3327510776705074,
            1.0413734759311315
        ],
        [
            3.184693413162168,
            0.1358957912284966,
            0.4960366269665379
        ]
    ]
}