{
    "cameraid": "C469f539fa15bcbfe",
    "loc": [
        3.0549707807867397,
        -15.02447832842859,
        3.0739631211253
    ],
    "loc_prox": [
        3.0502747252749183,
        -14.953489583356859,
        3.406760655477051
    ],
    "angle": 1.6273668799573997,
    "angle_prox": 1.6273276232976606,
    "fov": [
        1.4500352723423326,
        49.58980653660954,
        44.42282857493201
    ],
    "fov_prox": [
        2.7090127451489723,
        50.849551916084785,
        44.42282857493203
    ],
    "R": [
        [
            0.9962517211315822,
            0.0760119881775069,
            0.041287840772589575
        ],
        [
            0.0698376111459748,
            -0.4251531775094027,
            -0.9024231179015096
        ],
        [
            -0.051041318672069735,
            0.9019240285672407,
            -0.42886808051107667
        ]
    ],
    "R_prox": [
        [
            0.996201094654408,
            0.0769065817623325,
            0.040850418492259975
        ],
        [
            0.07094414765950914,
            -0.4447061964361993,
            -0.8928624344007953
        ],
        [
            -0.050500563583240086,
            0.8923686326473393,
            -0.448472871581875
        ]
    ],
    "rvec": [
        2.0112376487189696,
        0.10297757623826893,
        -0.006894649837430109
    ],
    "rvec_prox": [
        2.0331989171308376,
        0.10403959535717477,
        -0.006790613711069579
    ],
    "tvec": [
        -2.02783284952013,
        -3.824540004304833,
        15.025905379470435
    ],
    "tvec_prox": [
        -2.02783284952013,
        -3.824540004304833,
        15.025905379470435
    ],
    "dist": [
        -0.36963142,
        0.14456421,
        0.00159254,
        0.00068338,
        -0.02897618
    ],
    "dist_prox": [
        -0.36963142,
        0.14456421,
        0.00159254,
        0.00068338,
        -0.02897618
    ],
    "mtx": [
        [
            865.4,
            0.0,
            653.68
        ],
        [
            0.0,
            863.05,
            357.26
        ],
        [
            0.0,
            0.0,
            1.0
        ]
    ],
    "mtx_prox": [
        [
            865.4,
            0.0,
            653.68
        ],
        [
            0.0,
            863.05,
            357.26
        ],
        [
            0.0,
            0.0,
            1.0
        ]
    ],
    "rotate_angle": [
        25.395747116213784,
        3.2390047000110505,
        2.6195810182806656
    ],
    "rotate_angle_prox": [
        26.645747116213784,
        3.2390047000110505,
        2.6195810182806656
    ],
    "anchors": [
        [
            4.945335578598051,
            -11.6070010853058,
            0.6382634961074649
        ],
        [
            3.8125762602318756,
            -12.49145968134382,
            1.240655905537193
        ],
        [
            -0.5515152805350367,
            -10.95919076729932,
            0.33917165051179116
        ],
        [
            4.545761347031094,
            -11.648840727817973,
            1.1640479205157148
        ],
        [
            5.727380951174011,
            -10.15323560952765,
            1.2120016189835412
        ],
        [
            0.7652149568492779,
            -11.378446862248778,
            0.1029834988777995
        ],
        [
            6.2223153759940075,
            -11.206128339636665,
            0.6352745892228875
        ],
        [
            5.1505808304199885,
            -12.108272327777948,
            0.06646725050609908
        ],
        [
            0.6235087725938846,
            -11.665739573231981,
            0.6548235561235173
        ],
        [
            4.184511137267947,
            -10.266311120558662,
            1.4301400099502612
        ],
        [
            1.8107879774520073,
            -12.77160506298828,
            1.1125194668608895
        ],
        [
            2.453951731316725,
            -11.466905106828351,
            1.4682012740929844
        ],
        [
            5.922105853898026,
            -10.573894791956379,
            0.7744576053837824
        ],
        [
            0.856855719522188,
            -10.928678031214364,
            1.2992992857527836
        ],
        [
            2.946306511028173,
            -11.321978490225447,
            0.5842479433083293
        ],
        [
            1.7198737367832249,
            -10.578248327161969,
            0.8715744293650078
        ],
        [
            -0.24257641575645605,
            -10.982911682385756,
            0.24987153260582468
        ],
        [
            -0.5401983853179986,
            -10.481761982207063,
            0.7674199006384741
        ],
        [
            5.241431831412493,
            -11.643261954310365,
            0.5438894090220816
        ],
        [
            3.1423588530334468,
            -10.490816547422584,
            0.96483051170588
        ]
    ]
}