{
    "cameraid": "C513d1638af592626",
    "loc": [
        17.749868975727715,
        -15.70346977225422,
        3.0083096831645157
    ],
    "loc_prox": [
        17.74669183535337,
        -15.63331850155577,
        3.3706112536660626
    ],
    "angle": 1.6147170093926566,
    "angle_prox": 1.614611696761761,
    "fov": [
        8.416036445297118,
        56.593753916345385,
        44.42282857493202
    ],
    "fov_prox": [
        9.666330740535074,
        57.84408080401727,
        44.42282857493203
    ],
    "R": [
        [
            0.9986343190815993,
            0.05099595368084731,
            0.011353830217664312
        ],
        [
            0.036902427434466305,
            -0.5346813695167676,
            -0.8442476200387644
        ],
        [
            -0.036982531036620796,
            0.8435136310693828,
            -0.535833039853153
        ]
    ],
    "R_prox": [
        [
            0.998623545359757,
            0.051241685408141634,
            0.011193941649061274
        ],
        [
            0.037703539380828245,
            -0.5529534787485473,
            -0.8323586327167144
        ],
        [
            -0.0364617302286641,
            0.831634980034157,
            -0.5541243562706112
        ]
    ],
    "rvec": [
        2.135467669353725,
        0.06099314985650382,
        -0.018046598126185257
    ],
    "rvec_prox": [
        2.1572746032620382,
        0.061782911818543,
        -0.017551448741257036
    ],
    "tvec": [
        -16.958917156180842,
        -6.508053569791901,
        15.516027401237029
    ],
    "tvec_prox": [
        -16.958917156180842,
        -6.508053569791901,
        15.516027401237029
    ],
    "dist": [
        -0.36963142,
        0.14456421,
        0.00159254,
        0.00068338,
        -0.02897618
    ],
    "dist_prox": [
        -0.36963142,
        0.14456421,
        0.00159254,
        0.00068338,
        -0.02897618
    ],
    "mtx": [
        [
            865.4,
            0.0,
            653.68
        ],
        [
            0.0,
            863.05,
            357.26
        ],
        [
            0.0,
            0.0,
            1.0
        ]
    ],
    "mtx_prox": [
        [
            865.4,
            0.0,
            653.68
        ],
        [
            0.0,
            863.05,
            357.26
        ],
        [
            0.0,
            0.0,
            1.0
        ]
    ],
    "rotate_angle": [
        32.400423775836,
        2.510435776905692,
        0.770493541569879
    ],
    "rotate_angle_prox": [
        33.650423775836,
        2.510435776905692,
        0.770493541569879
    ],
    "anchors": [
        [
            19.640233773539027,
            -12.28599252913143,
            0.6382634961074649
        ],
        [
            18.50747445517285,
            -13.17045112516945,
            1.240655905537193
        ],
        [
            14.143382914405938,
            -11.63818221112495,
            0.33917165051179116
        ],
        [
            19.24065954197207,
            -12.327832171643603,
            1.1640479205157148
        ],
        [
            20.422279146114988,
            -10.83222705335328,
            1.2120016189835412
        ],
        [
            15.460113151790253,
            -12.057438306074408,
            0.1029834988777995
        ],
        [
            20.917213570934983,
            -11.885119783462295,
            0.6352745892228875
        ],
        [
            19.845479025360962,
            -12.787263771603579,
            0.06646725050609908
        ],
        [
            15.318406967534859,
            -12.344731017057612,
            0.6548235561235173
        ],
        [
            18.879409332208922,
            -10.945302564384292,
            1.4301400099502612
        ],
        [
            16.505686172392984,
            -13.45059650681391,
            1.1125194668608895
        ],
        [
            17.1488499262577,
            -12.145896550653982,
            1.4682012740929844
        ],
        [
            20.617004048839,
            -11.25288623578201,
            0.7744576053837824
        ],
        [
            15.551753914463163,
            -11.607669475039994,
            1.2992992857527836
        ],
        [
            17.641204705969148,
            -12.000969934051078,
            0.5842479433083293
        ],
        [
            16.4147719317242,
            -11.2572397709876,
            0.8715744293650078
        ],
        [
            14.452321779184519,
            -11.661903126211387,
            0.24987153260582468
        ],
        [
            14.154699809622976,
            -11.160753426032693,
            0.7674199006384741
        ],
        [
            19.936330026353467,
            -12.322253398135995,
            0.5438894090220816
        ],
        [
            17.837257047974422,
            -11.169807991248215,
            0.96483051170588
        ]
    ]
}