{
    "cameraid": "Ce61a8ac41383f178",
    "loc": [
        11.82583281459154,
        -2.9195923522681784,
        2.7371290602398517
    ],
    "loc_prox": [
        11.881160469016079,
        -2.9323107359599625,
        2.470990977677988
    ],
    "angle": -0.2627567673358641,
    "angle_prox": -0.2624511513692895,
    "fov": [
        3.8976296391672336,
        52.075133231284326,
        44.42282857493201
    ],
    "fov_prox": [
        5.146505550364488,
        53.32413227149682,
        44.42282857493202
    ],
    "R": [
        [
            -0.2537811918717564,
            -0.9671985032413913,
            0.011052691064302102
        ],
        [
            -0.4548257915308854,
            0.1092405050909621,
            -0.8838551982116613
        ],
        [
            0.8536560232379634,
            -0.2293328746060705,
            -0.46763001038691054
        ]
    ],
    "R_prox": [
        [
            -0.253549678991695,
            -0.9672606986841078,
            0.010922502659188408
        ],
        [
            -0.4733392794502357,
            0.11421411423557402,
            -0.87344436722605
        ],
        [
            0.8436009049383126,
            -0.22663158846576273,
            -0.48680143415641774
        ]
    ],
    "rvec": [
        1.387062617788715,
        -1.7858320574541835,
        1.0860863003147567
    ],
    "rvec_prox": [
        1.4000232706126445,
        -1.802328553807642,
        1.0690906294504725
    ],
    "tvec": [
        0.1491660862197803,
        8.117004359727055,
        -9.484630011623873
    ],
    "tvec_prox": [
        0.1491660862197803,
        8.117004359727055,
        -9.484630011623873
    ],
    "dist": [
        -0.36963142,
        0.14456421,
        0.00159254,
        0.00068338,
        -0.02897618
    ],
    "dist_prox": [
        -0.36963142,
        0.14456421,
        0.00159254,
        0.00068338,
        -0.02897618
    ],
    "mtx": [
        [
            865.4,
            0.0,
            653.68
        ],
        [
            0.0,
            863.05,
            357.26
        ],
        [
            0.0,
            0.0,
            1.0
        ]
    ],
    "mtx_prox": [
        [
            865.4,
            0.0,
            653.68
        ],
        [
            0.0,
            863.05,
            357.26
        ],
        [
            0.0,
            0.0,
            1.0
        ]
    ],
    "rotate_angle": [
        27.88056503444798,
        -105.03734330180941,
        0.7164516821295475
    ],
    "rotate_angle_prox": [
        29.13056503444798,
        -105.03734330180941,
        0.7164516821295475
    ],
    "anchors": [
        [
            16.38584991088129,
            -5.84277425147671,
            1.2426673279117961
        ],
        [
            16.160217523107352,
            -6.469645402905906,
            1.1183703165659062
        ],
        [
            15.358230313647601,
            -4.856413696946941,
            1.4547455523094825
        ],
        [
            12.8844827727883,
            -4.581947785074796,
            1.0179731602622144
        ],
        [
            14.212539564951596,
            -2.1350424262779684,
            0.6761033501363463
        ],
        [
            15.15812595586019,
            -4.509425221263397,
            0.7796872604179331
        ],
        [
            13.66414500364413,
            -2.683461172830387,
            0.6965588542671353
        ],
        [
            13.162917153450461,
            -5.129577158916687,
            0.27893988563502586
        ],
        [
            14.730967787209213,
            -2.603575460297367,
            0.01955614814253942
        ],
        [
            14.922692223470706,
            -4.097973592289401,
            0.5353883594063875
        ],
        [
            16.45455403147892,
            -5.077185698171256,
            0.6845928253148129
        ],
        [
            16.41924459957604,
            -3.57024898401728,
            0.2747396396834324
        ],
        [
            14.612453983962109,
            -6.079479206580356,
            0.3093155847238302
        ],
        [
            15.894718470721335,
            -6.768436008725691,
            0.5583107769457787
        ],
        [
            15.271364586969385,
            -6.5609235959810945,
            1.2834890828233907
        ],
        [
            13.62132421829596,
            -4.275036475903782,
            1.46887008547364
        ],
        [
            14.659439538206968,
            -3.6167784763605595,
            1.4711792127073673
        ],
        [
            14.65988106019059,
            -4.151006324910013,
            0.7283630666691112
        ],
        [
            15.118674594084819,
            -6.049533257052818,
            0.8220572179582146
        ],
        [
            16.274230819678735,
            -3.9484652002360194,
            1.334570033786269
        ]
    ]
}