{
    "cameraid": "Ce642d79a519aead2",
    "loc": [
        -3.832141136651763,
        -17.18640534463218,
        3.2110144944436323
    ],
    "loc_prox": [
        -3.8347084355673524,
        -17.11121664916425,
        3.58743981751612
    ],
    "angle": 1.5582741161631728,
    "angle_prox": 1.5580532894153525,
    "fov": [
        1.3010229625113439,
        49.47318114367195,
        44.42282857493201
    ],
    "fov_prox": [
        2.5558202778683503,
        50.727626123225406,
        44.422828574932076
    ],
    "R": [
        [
            0.9998626976398154,
            -0.015505673493157856,
            -0.005844652081576052
        ],
        [
            -0.011911245982924689,
            -0.42732252673254106,
            -0.9040207853617367
        ],
        [
            0.011519899633475545,
            0.9039662782628788,
            -0.42744854623216855
        ]
    ],
    "R_prox": [
        [
            0.9998610813212506,
            -0.01563250597641946,
            -0.005782976395987479
        ],
        [
            -0.012161249842500861,
            -0.44694032425533475,
            -0.8944811068752679
        ],
        [
            0.011398335903438328,
            0.8944271749625194,
            -0.447068346706853
        ]
    ],
    "rvec": [
        2.0122908610498444,
        -0.01916778917547769,
        0.003820188981015198
    ],
    "rvec_prox": [
        2.0341899921255857,
        -0.019537085207728597,
        0.003947208786169646
    ],
    "tvec": [
        3.587430606192948,
        -4.485430426118595,
        16.952277250651225
    ],
    "tvec_prox": [
        3.587430606192948,
        -4.485430426118595,
        16.952277250651225
    ],
    "dist": [
        -0.36963142,
        0.14456421,
        0.00159254,
        0.00068338,
        -0.02897618
    ],
    "dist_prox": [
        -0.36963142,
        0.14456421,
        0.00159254,
        0.00068338,
        -0.02897618
    ],
    "mtx": [
        [
            865.4,
            0.0,
            653.68
        ],
        [
            0.0,
            863.05,
            357.26
        ],
        [
            0.0,
            0.0,
            1.0
        ]
    ],
    "mtx_prox": [
        [
            865.4,
            0.0,
            653.68
        ],
        [
            0.0,
            863.05,
            357.26
        ],
        [
            0.0,
            0.0,
            1.0
        ]
    ],
    "rotate_angle": [
        25.305747116213784,
        -0.7301222600253344,
        -0.37042204869176737
    ],
    "rotate_angle_prox": [
        26.555747116213784,
        -0.7301222600253344,
        -0.37042204869176737
    ],
    "anchors": [
        [
            -1.9417763388404516,
            -13.768928101509392,
            0.6382634961074649
        ],
        [
            -3.074535657206627,
            -14.653386697547411,
            1.240655905537193
        ],
        [
            -7.438627197973539,
            -13.121117783502912,
            0.33917165051179116
        ],
        [
            -2.341350570407408,
            -13.810767744021565,
            1.1640479205157148
        ],
        [
            -1.1597309662644912,
            -12.315162625731242,
            1.2120016189835412
        ],
        [
            -6.121896960589225,
            -13.54037387845237,
            0.1029834988777995
        ],
        [
            -0.6647965414444945,
            -13.368055355840257,
            0.6352745892228875
        ],
        [
            -1.7365310870185144,
            -14.27019934398154,
            0.06646725050609908
        ],
        [
            -6.263603144844618,
            -13.827666589435573,
            0.6548235561235173
        ],
        [
            -2.702600780170556,
            -12.428238136762253,
            1.4301400099502612
        ],
        [
            -5.076323939986495,
            -14.933532079191872,
            1.1125194668608895
        ],
        [
            -4.4331601861217775,
            -13.628832123031943,
            1.4682012740929844
        ],
        [
            -0.9650060635404758,
            -12.73582180815997,
            0.7744576053837824
        ],
        [
            -6.030256197916314,
            -13.090605047417956,
            1.2992992857527836
        ],
        [
            -3.9408054064103295,
            -13.48390550642904,
            0.5842479433083293
        ],
        [
            -5.167238180655278,
            -12.74017534336556,
            0.8715744293650078
        ],
        [
            -7.1296883331949585,
            -13.144838698589348,
            0.24987153260582468
        ],
        [
            -7.427310302756501,
            -12.643688998410655,
            0.7674199006384741
        ],
        [
            -1.64568008602601,
            -13.805188970513957,
            0.5438894090220816
        ],
        [
            -3.7447530644050557,
            -12.652743563626176,
            0.96483051170588
        ]
    ]
}