{
    "cameraid": "Ce794ec090de01c1c",
    "loc": [
        -9.65836379503968,
        -3.3867288864169964,
        3.0949031296121725
    ],
    "loc_prox": [
        -9.691905713978601,
        -3.3294019518734714,
        3.0519494431130223
    ],
    "angle": 2.0965483265182066,
    "angle_prox": 2.096525320559138,
    "fov": [
        0.2828413432518427,
        48.1219674587729,
        44.42282857493201
    ],
    "fov_prox": [
        1.5205938128458345,
        49.3601918977368,
        44.42282857493204
    ],
    "R": [
        [
            0.8341867632324204,
            0.5404719908918972,
            0.1096470296413308
        ],
        [
            0.30659655130358965,
            -0.2892430927363469,
            -0.906827981500934
        ],
        [
            -0.45840047859547794,
            0.7900812998455679,
            -0.4069896078007088
        ]
    ],
    "R_prox": [
        [
            0.832992219020819,
            0.542530861001101,
            0.10855518371858547
        ],
        [
            0.31647594447788235,
            -0.30627083194104066,
            -0.8977979472403438
        ],
        [
            -0.45383580689232117,
            0.7822138085993796,
            -0.42681918656364193
        ]
    ],
    "rvec": [
        1.8961921604052183,
        0.634698565445152,
        -0.26135459467601474
    ],
    "rvec_prox": [
        1.9166878765794588,
        0.6416193159688065,
        -0.2579010036299831
    ],
    "tvec": [
        9.548280422299284,
        4.787590254063732,
        -0.49159909015175796
    ],
    "tvec_prox": [
        9.548280422299284,
        4.787590254063732,
        -0.49159909015175796
    ],
    "dist": [
        -0.36963142,
        0.14456421,
        0.00159254,
        0.00068338,
        -0.02897618
    ],
    "dist_prox": [
        -0.36963142,
        0.14456421,
        0.00159254,
        0.00068338,
        -0.02897618
    ],
    "mtx": [
        [
            865.4,
            0.0,
            653.68
        ],
        [
            0.0,
            863.05,
            357.26
        ],
        [
            0.0,
            0.0,
            1.0
        ]
    ],
    "mtx_prox": [
        [
            865.4,
            0.0,
            653.68
        ],
        [
            0.0,
            863.05,
            357.26
        ],
        [
            0.0,
            0.0,
            1.0
        ]
    ],
    "rotate_angle": [
        24.01586642976267,
        30.122052510350578,
        6.894319969863691
    ],
    "rotate_angle_prox": [
        25.265866429762674,
        30.122052510350578,
        6.894319969863691
    ],
    "anchors": [
        [
            -13.264849856361456,
            0.6785586747122725,
            0.33917165051179116
        ],
        [
            -11.948119618977142,
            0.25930257976281545,
            0.1029834988777995
        ],
        [
            -12.089825803232536,
            -0.027990131220388292,
            0.6548235561235173
        ],
        [
            -14.160912972519071,
            -0.3492260012725197,
            0.38025561703771604
        ],
        [
            -8.528823438558472,
            1.3714383214529313,
            1.4301400099502612
        ],
        [
            -13.549832609553652,
            -0.0851599381014232,
            1.3326862200284981
        ],
        [
            -10.902546598374412,
            -1.1338556209766875,
            1.1125194668608895
        ],
        [
            -10.259382844509695,
            0.17084433518324182,
            1.4682012740929844
        ],
        [
            -11.856478856304232,
            0.7090714107972289,
            1.2992992857527836
        ],
        [
            -9.767028064798247,
            0.31577095178614556,
            0.5842479433083293
        ],
        [
            -13.48415332745196,
            -1.566125198038808,
            0.030099732513896416
        ],
        [
            -12.124916743027676,
            -1.6800872403690503,
            0.640695280432916
        ],
        [
            -10.993460839043195,
            1.059501114849624,
            0.8715744293650078
        ],
        [
            -12.955910991582876,
            0.6548377596258366,
            0.24987153260582468
        ],
        [
            -13.253532961144419,
            1.15598745980453,
            0.7674199006384741
        ],
        [
            -9.570975722792973,
            1.1469328945890087,
            0.96483051170588
        ],
        [
            -13.088241555968999,
            -2.2478452760570757,
            0.7967543180807521
        ],
        [
            -13.805331331774111,
            -0.46559177097012494,
            0.2146139877033411
        ],
        [
            -14.593433332504144,
            0.8906719486141856,
            1.0491553699999638
        ],
        [
            -10.071962849255002,
            -0.21254983920844062,
            0.969885090575175
        ]
    ]
}