{
    "cameraid": "C255a40d57d3e132d",
    "loc": [
        10.110120100395378,
        -10.073085600360164,
        3.041380398256243
    ],
    "loc_prox": [
        10.115517151030742,
        -10.032571551162023,
        3.155217507798236
    ],
    "angle": 1.420663870554857,
    "angle_prox": 1.4205108387491934,
    "fov": [
        6.391357709498069,
        54.41700088503305,
        44.42282857493202
    ],
    "fov_prox": [
        7.142004229688425,
        55.16676621300517,
        44.42282857493204
    ],
    "R": [
        [
            0.991565369683607,
            -0.10707882925555402,
            0.07302220189416284
        ],
        [
            0.008424103444542311,
            -0.5089726006097595,
            -0.8607414979595756
        ],
        [
            0.12933349189350615,
            0.8540966082088127,
            -0.5037775617480736
        ]
    ],
    "R_prox": [
        [
            0.9917079308622194,
            -0.10613737923102848,
            0.07245851637278027
        ],
        [
            0.006743678597759607,
            -0.5200698434118691,
            -0.8540971143684565
        ],
        [
            0.12833511859170013,
            0.8475035189918227,
            -0.5150416319410805
        ]
    ],
    "rvec": [
        2.100747354859643,
        -0.06918677415707208,
        0.1411990853085578
    ],
    "rvec_prox": [
        2.113857737539988,
        -0.06941416548174223,
        0.1402294362349128
    ],
    "tvec": [
        -11.325091814286584,
        -2.5909915435325805,
        8.82953197529863
    ],
    "tvec_prox": [
        -11.325091814286584,
        -2.5909915435325805,
        8.82953197529863
    ],
    "dist": [
        -0.36963142,
        0.14456421,
        0.00159254,
        0.00068338,
        -0.02897618
    ],
    "dist_prox": [
        -0.36963142,
        0.14456421,
        0.00159254,
        0.00068338,
        -0.02897618
    ],
    "mtx": [
        [
            865.4,
            0.0,
            653.68
        ],
        [
            0.0,
            863.05,
            357.26
        ],
        [
            0.0,
            0.0,
            1.0
        ]
    ],
    "mtx_prox": [
        [
            865.4,
            0.0,
            653.68
        ],
        [
            0.0,
            863.05,
            357.26
        ],
        [
            0.0,
            0.0,
            1.0
        ]
    ],
    "rotate_angle": [
        30.250237763525654,
        -8.610724187082605,
        4.849155902616467
    ],
    "rotate_angle_prox": [
        31.000237763525657,
        -8.610724187082605,
        4.849155902616467
    ],
    "anchors": [
        [
            12.00048489820669,
            -6.655608357237375,
            0.6382634961074649
        ],
        [
            10.867725579840513,
            -7.540066953275395,
            1.240655905537193
        ],
        [
            11.600910666639733,
            -6.6974479997495475,
            1.1640479205157148
        ],
        [
            12.78253027078265,
            -5.201842881459225,
            1.2120016189835412
        ],
        [
            13.539776540644617,
            -7.116258814407659,
            0.6852619598772547
        ],
        [
            7.820364276457916,
            -6.427054134180352,
            0.1029834988777995
        ],
        [
            13.277464695602646,
            -6.25473561156824,
            0.6352745892228875
        ],
        [
            12.205730150028625,
            -7.156879599709523,
            0.06646725050609908
        ],
        [
            11.239660456876585,
            -5.314918392490236,
            1.4301400099502612
        ],
        [
            8.865937297060645,
            -7.820212334919855,
            1.1125194668608895
        ],
        [
            9.509101050925363,
            -6.515512378759926,
            1.4682012740929844
        ],
        [
            12.977255173506665,
            -5.6225020638879535,
            0.7744576053837824
        ],
        [
            7.912005039130825,
            -5.977285303145939,
            1.2992992857527836
        ],
        [
            10.00145583063681,
            -6.370585762157022,
            0.5842479433083293
        ],
        [
            8.775023056391863,
            -5.626855599093544,
            0.8715744293650078
        ],
        [
            12.29658115102113,
            -6.6918692262419395,
            0.5438894090220816
        ],
        [
            10.197508172642085,
            -5.539423819354159,
            0.96483051170588
        ],
        [
            12.223906696069115,
            -7.6001811464721465,
            1.264899134799001
        ],
        [
            11.871165288556803,
            -8.211429757338147,
            0.8489041138559663
        ],
        [
            9.696521046180056,
            -6.898906553151608,
            0.969885090575175
        ]
    ]
}