{
    "cameraid": "C3151ce23b866fb8a",
    "loc": [
        8.051723761059348,
        -16.459638171434545,
        3.0991715399247677
    ],
    "loc_prox": [
        8.049293971089922,
        -16.41749517215773,
        3.321073219907328
    ],
    "angle": 1.625517657263078,
    "angle_prox": 1.6255488486307403,
    "fov": [
        -3.8857600397018617,
        44.29073098390556,
        44.42282857493201
    ],
    "fov_prox": [
        -3.126617123607694,
        45.04968010267579,
        44.42282857493203
    ],
    "R": [
        [
            0.9985238371086803,
            0.05430299055656294,
            -0.001154098077116832
        ],
        [
            0.017596494007136202,
            -0.34352056619706434,
            -0.9389802894620872
        ],
        [
            -0.05138589421635657,
            0.937573893523205,
            -0.3439690161327372
        ]
    ],
    "R_prox": [
        [
            0.9985246618420066,
            0.054287942683061946,
            -0.0011484653007078813
        ],
        [
            0.01826750139624692,
            -0.35576359553391923,
            -0.9343974328333292
        ],
        [
            -0.05113509642158178,
            0.9329979010544549,
            -0.3562304289949653
        ]
    ],
    "rvec": [
        1.9212577142794944,
        0.05161321108092546,
        -0.037416692756509676
    ],
    "rvec_prox": [
        1.9345139172618657,
        0.051783268291156904,
        -0.03731510072384326
    ],
    "tvec": [
        -7.1423323662897475,
        -2.88458531003035,
        16.912157297383427
    ],
    "tvec_prox": [
        -7.1423323662897475,
        -2.88458531003035,
        16.912157297383427
    ],
    "dist": [
        -0.36963142,
        0.14456421,
        0.00159254,
        0.00068338,
        -0.02897618
    ],
    "dist_prox": [
        -0.36963142,
        0.14456421,
        0.00159254,
        0.00068338,
        -0.02897618
    ],
    "mtx": [
        [
            865.4,
            0.0,
            653.68
        ],
        [
            0.0,
            863.05,
            357.26
        ],
        [
            0.0,
            0.0,
            1.0
        ]
    ],
    "mtx_prox": [
        [
            865.4,
            0.0,
            653.68
        ],
        [
            0.0,
            863.05,
            357.26
        ],
        [
            0.0,
            0.0,
            1.0
        ]
    ],
    "rotate_angle": [
        20.118873385392455,
        3.1370884188917003,
        -0.07042204869176734
    ],
    "rotate_angle_prox": [
        20.868873385392455,
        3.1370884188917003,
        -0.07042204869176734
    ],
    "anchors": [
        [
            9.942088558870658,
            -13.042160928311755,
            0.6382634961074649
        ],
        [
            8.809329240504484,
            -13.926619524349775,
            1.240655905537193
        ],
        [
            4.4452376997375715,
            -12.394350610305276,
            0.33917165051179116
        ],
        [
            9.542514327303703,
            -13.084000570823928,
            1.1640479205157148
        ],
        [
            10.72413393144662,
            -11.588395452533605,
            1.2120016189835412
        ],
        [
            5.761967937121886,
            -12.813606705254733,
            0.1029834988777995
        ],
        [
            11.219068356266616,
            -12.64128818264262,
            0.6352745892228875
        ],
        [
            10.147333810692597,
            -13.543432170783904,
            0.06646725050609908
        ],
        [
            5.620261752866493,
            -13.100899416237937,
            0.6548235561235173
        ],
        [
            9.181264117540554,
            -11.701470963564617,
            1.4301400099502612
        ],
        [
            6.8075409577246155,
            -14.206764905994236,
            1.1125194668608895
        ],
        [
            7.450704711589333,
            -12.902064949834307,
            1.4682012740929844
        ],
        [
            10.918858834170635,
            -12.009054634962334,
            0.7744576053837824
        ],
        [
            5.853608699794796,
            -12.36383787422032,
            1.2992992857527836
        ],
        [
            7.943059491300781,
            -12.757138333231403,
            0.5842479433083293
        ],
        [
            6.716626717055833,
            -12.013408170167924,
            0.8715744293650078
        ],
        [
            4.754176564516152,
            -12.418071525391712,
            0.24987153260582468
        ],
        [
            4.45655459495461,
            -11.916921825213018,
            0.7674199006384741
        ],
        [
            10.238184811685102,
            -13.07842179731632,
            0.5438894090220816
        ],
        [
            8.139111833306055,
            -11.92597639042854,
            0.96483051170588
        ]
    ]
}