{
    "cameraid": "C699c5c55502856cb",
    "loc": [
        -0.23310647062784862,
        -3.7375699708027867,
        3.014697812633797
    ],
    "loc_prox": [
        -0.23066675545947987,
        -3.776662113614238,
        2.9657691990967425
    ],
    "angle": -1.5232695344749037,
    "angle_prox": -1.5232856990561916,
    "fov": [
        9.979564892763273,
        58.0980429796805,
        44.422828574932026
    ],
    "fov_prox": [
        10.729489688988062,
        58.84712654957851,
        44.42282857493202
    ],
    "R": [
        [
            -0.999195096972056,
            -0.0283533515597428,
            -0.02837685046535799
        ],
        [
            0.00765085277193962,
            0.5597146274366496,
            -0.8286501072740621
        ],
        [
            0.03937794609760343,
            -0.8282002313986528,
            -0.5590471841198666
        ]
    ],
    "R_prox": [
        [
            -0.9992126599028986,
            -0.027983966540221356,
            -0.028123973873723517
        ],
        [
            0.007137986675519501,
            0.5705012697536168,
            -0.8212657002187118
        ],
        [
            0.0390270346810287,
            -0.820819833353329,
            -0.5698523420482003
        ]
    ],
    "rvec": [
        0.01802506142750649,
        -2.740235348211797,
        1.4561251090879026
    ],
    "rvec_prox": [
        0.018260561539884788,
        -2.7501822166724788,
        1.4384262161896832
    ],
    "tvec": [
        -0.25276191302404927,
        4.59192154545753,
        -1.4009064031838998
    ],
    "tvec_prox": [
        -0.25276191302404927,
        4.59192154545753,
        -1.4009064031838998
    ],
    "dist": [
        -0.36963142,
        0.14456421,
        0.00159254,
        0.00068338,
        -0.02897618
    ],
    "dist_prox": [
        -0.36963142,
        0.14456421,
        0.00159254,
        0.00068338,
        -0.02897618
    ],
    "mtx": [
        [
            865.4,
            0.0,
            653.68
        ],
        [
            0.0,
            863.05,
            357.26
        ],
        [
            0.0,
            0.0,
            1.0
        ]
    ],
    "mtx_prox": [
        [
            865.4,
            0.0,
            653.68
        ],
        [
            0.0,
            863.05,
            357.26
        ],
        [
            0.0,
            0.0,
            1.0
        ]
    ],
    "rotate_angle": [
        33.98992975801002,
        -177.2778415485547,
        -1.9613086963733244
    ],
    "rotate_angle_prox": [
        34.73992975801002,
        -177.2778415485547,
        -1.9613086963733244
    ],
    "anchors": [
        [
            -0.054764334459152075,
            -5.512824383142173,
            0.42365027574701936
        ],
        [
            0.8255434875689115,
            -5.399925403609403,
            1.0179731602622144
        ],
        [
            0.7705717337313421,
            -6.11773941109745,
            0.2241223508714824
        ],
        [
            -1.8379507182836616,
            -7.25188258807955,
            0.685529080038552
        ],
        [
            1.10514410299314,
            -7.591126381011277,
            0.34963571134715754
        ],
        [
            0.2589580226269813,
            -6.8087981444920995,
            0.4998253295354728
        ],
        [
            -0.1468128704797632,
            -5.49152710611996,
            0.2589010568932509
        ],
        [
            1.1039778682310728,
            -5.9475547774512965,
            0.27893988563502586
        ],
        [
            1.0261210219735788,
            -6.238946988012502,
            0.6408843624295846
        ],
        [
            -1.2381908612273795,
            -5.008856246228836,
            0.643467317004957
        ],
        [
            -2.507600939055424,
            -8.592083966997388,
            0.2912942754966707
        ],
        [
            2.553514698742721,
            -6.897456825114964,
            0.3093155847238302
        ],
        [
            3.835779185501947,
            -7.586413627260299,
            0.5583107769457787
        ],
        [
            3.2124253017499975,
            -7.378901214515704,
            1.2834890828233907
        ],
        [
            -1.2689505890355455,
            -5.75686420739724,
            1.4460118264812294
        ],
        [
            0.2807989445401201,
            -5.589763843014074,
            1.003789253544526
        ],
        [
            -1.5791664725775543,
            -7.655259070408366,
            0.21295321192461314
        ],
        [
            3.0597353088654313,
            -6.867510875587426,
            0.8220572179582146
        ],
        [
            1.070281125471468,
            -7.245138938445473,
            1.0413734759311315
        ],
        [
            -2.5981196167295306,
            -8.441994224887484,
            0.4960366269665379
        ]
    ]
}