{
    "cameraid": "C98e405a83663ab4a",
    "loc": [
        2.569697161600054,
        -3.7134728474988865,
        2.9111688515469214
    ],
    "loc_prox": [
        2.5642198611892826,
        -3.7506892457595056,
        2.867967025418929
    ],
    "angle": -1.7456336748161214,
    "angle_prox": -1.745758541894504,
    "fov": [
        3.4064769663251955,
        51.582000488715835,
        44.42282857493202
    ],
    "fov_prox": [
        4.155147205169203,
        52.330620931145354,
        44.422828574932026
    ],
    "R": [
        [
            -0.9860460249864997,
            0.16565997520607692,
            0.016431957371086166
        ],
        [
            0.06182316777664299,
            0.45604780515455706,
            -0.8878053251359627
        ],
        [
            -0.15456756624332368,
            -0.8744010361547115,
            -0.4599257499175085
        ]
    ],
    "R_prox": [
        [
            -0.9860833385718232,
            0.16544888928124485,
            0.016319142950825774
        ],
        [
            0.06383919051830375,
            0.46745260641438013,
            -0.8817100535382197
        ],
        [
            -0.15350637493281774,
            -0.8683977923693755,
            -0.47150934992105953
        ]
    ],
    "rvec": [
        0.2036394330908937,
        2.593832959556004,
        -1.575068900565601
    ],
    "rvec_prox": [
        0.20418163542517823,
        2.604760493999589,
        -1.5584756192308309
    ],
    "tvec": [
        3.1022790874376573,
        4.118287103059361,
        -1.5111928977088986
    ],
    "tvec_prox": [
        3.1022790874376573,
        4.118287103059361,
        -1.5111928977088986
    ],
    "dist": [
        -0.36963142,
        0.14456421,
        0.00159254,
        0.00068338,
        -0.02897618
    ],
    "dist_prox": [
        -0.36963142,
        0.14456421,
        0.00159254,
        0.00068338,
        -0.02897618
    ],
    "mtx": [
        [
            865.4,
            0.0,
            653.68
        ],
        [
            0.0,
            863.05,
            357.26
        ],
        [
            0.0,
            0.0,
            1.0
        ]
    ],
    "mtx_prox": [
        [
            865.4,
            0.0,
            653.68
        ],
        [
            0.0,
            863.05,
            357.26
        ],
        [
            0.0,
            0.0,
            1.0
        ]
    ],
    "rotate_angle": [
        27.382316384747988,
        169.97540350053242,
        1.06033867523995
    ],
    "rotate_angle_prox": [
        28.132316384747988,
        169.97540350053242,
        1.06033867523995
    ],
    "anchors": [
        [
            3.628347119796814,
            -5.3758282803055035,
            1.0179731602622144
        ],
        [
            -0.8860521337910057,
            -6.215717653536055,
            1.3048413690841647
        ],
        [
            3.5733753659592447,
            -6.093642287793549,
            0.2241223508714824
        ],
        [
            0.9648529139442408,
            -7.227785464775649,
            0.685529080038552
        ],
        [
            3.9079477352210423,
            -7.567029257707376,
            0.34963571134715754
        ],
        [
            3.061761654854884,
            -6.7847010211882,
            0.4998253295354728
        ],
        [
            3.906781500458975,
            -5.923457654147396,
            0.27893988563502586
        ],
        [
            3.828924654201481,
            -6.214849864708602,
            0.6408843624295846
        ],
        [
            -0.6100278508669179,
            -6.37656993881442,
            0.8153813301143409
        ],
        [
            -2.1682865590060327,
            -7.772038298788754,
            0.7106294636507637
        ],
        [
            0.29520269317247827,
            -8.567986843693488,
            0.2912942754966707
        ],
        [
            1.533853043192357,
            -5.732767084093339,
            1.4460118264812294
        ],
        [
            -1.658933082369547,
            -7.694272917416819,
            1.461158268610197
        ],
        [
            3.0836025767680226,
            -5.565666719710174,
            1.003789253544526
        ],
        [
            1.2236371596503481,
            -7.631161947104466,
            0.21295321192461314
        ],
        [
            3.8730847576993703,
            -7.221041815141573,
            1.0413734759311315
        ],
        [
            0.20468401549837179,
            -8.417897101583584,
            0.4960366269665379
        ],
        [
            1.249783423858449,
            -7.763690478179256,
            1.1175099042557748
        ],
        [
            4.9269551820700475,
            -7.8460989828614505,
            0.3391241906210316
        ],
        [
            0.34371145174244777,
            -8.274622964719489,
            0.1984361797879104
        ]
    ]
}