{
    "cameraid": "Ca8e0c404035c3548",
    "loc": [
        -4.294221049159724,
        -10.847582168819322,
        3.123833128999839
    ],
    "loc_prox": [
        -4.297137864669427,
        -10.806712308635271,
        3.258570544976058
    ],
    "angle": 1.6435263914940357,
    "angle_prox": 1.643530528923258,
    "fov": [
        2.8933955900713006,
        50.99307299378074,
        44.42282857493202
    ],
    "fov_prox": [
        3.629187820208764,
        51.72936548426611,
        44.42282857493202
    ],
    "R": [
        [
            0.9933737578230177,
            0.10055132935795467,
            0.055659746971438356
        ],
        [
            0.09486861739009037,
            -0.4440398671937734,
            -0.8909705616781224
        ],
        [
            -0.06487312774230224,
            0.8903471382033438,
            -0.45063671709043723
        ]
    ],
    "R_prox": [
        [
            0.9933209879697383,
            0.10127556587137546,
            0.05528720119752569
        ],
        [
            0.09571332812584357,
            -0.4556330462551414,
            -0.885007054197499
        ],
        [
            -0.06443891431346123,
            0.8843878034650257,
            -0.46228328912519595
        ]
    ],
    "rvec": [
        2.0338685299375037,
        0.13760835807701768,
        -0.006489682112612635
    ],
    "rvec_prox": [
        2.0466907916232864,
        0.13848934683628406,
        -0.006433940239681013
    ],
    "tvec": [
        5.182735888105377,
        -1.6287439638393229,
        10.786804372035853
    ],
    "tvec_prox": [
        5.182735888105377,
        -1.6287439638393229,
        10.786804372035853
    ],
    "dist": [
        -0.36963142,
        0.14456421,
        0.00159254,
        0.00068338,
        -0.02897618
    ],
    "dist_prox": [
        -0.36963142,
        0.14456421,
        0.00159254,
        0.00068338,
        -0.02897618
    ],
    "mtx": [
        [
            865.4,
            0.0,
            653.68
        ],
        [
            0.0,
            863.05,
            357.26
        ],
        [
            0.0,
            0.0,
            1.0
        ]
    ],
    "mtx_prox": [
        [
            865.4,
            0.0,
            653.68
        ],
        [
            0.0,
            863.05,
            357.26
        ],
        [
            0.0,
            0.0,
            1.0
        ]
    ],
    "rotate_angle": [
        26.784542398527172,
        4.167362808206544,
        3.5746744562218904
    ],
    "rotate_angle_prox": [
        27.534542398527172,
        4.167362808206544,
        3.5746744562218904
    ],
    "anchors": [
        [
            -2.4038562513484125,
            -7.430104925696533,
            0.6382634961074649
        ],
        [
            -3.536615569714588,
            -8.314563521734552,
            1.240655905537193
        ],
        [
            -7.9007071104815,
            -6.782294607690053,
            0.33917165051179116
        ],
        [
            -2.8034304829153687,
            -7.471944568208706,
            1.1640479205157148
        ],
        [
            -1.6218108787724521,
            -5.976339449918383,
            1.2120016189835412
        ],
        [
            -6.5839768730971855,
            -7.20155070263951,
            0.1029834988777995
        ],
        [
            -1.1268764539524554,
            -7.029232180027398,
            0.6352745892228875
        ],
        [
            -2.1986109995264753,
            -7.931376168168681,
            0.06646725050609908
        ],
        [
            -6.725683057352579,
            -7.488843413622714,
            0.6548235561235173
        ],
        [
            -3.164680692678517,
            -6.089414960949394,
            1.4301400099502612
        ],
        [
            -5.538403852494456,
            -8.594708903379013,
            1.1125194668608895
        ],
        [
            -4.895240098629738,
            -7.290008947219084,
            1.4682012740929844
        ],
        [
            -1.4270859760484367,
            -6.3969986323471115,
            0.7744576053837824
        ],
        [
            -6.492336110424276,
            -6.751781871605097,
            1.2992992857527836
        ],
        [
            -4.40288531891829,
            -7.14508233061618,
            0.5842479433083293
        ],
        [
            -5.6293180931632385,
            -6.401352167552702,
            0.8715744293650078
        ],
        [
            -7.591768245702919,
            -6.806015522776489,
            0.24987153260582468
        ],
        [
            -7.889390215264462,
            -6.304865822597796,
            0.7674199006384741
        ],
        [
            -2.107759998533971,
            -7.4663657947010975,
            0.5438894090220816
        ],
        [
            -4.206832976913017,
            -6.313920387813317,
            0.96483051170588
        ]
    ]
}