{
    "cameraid": "Cbed16c2738d6f6c4",
    "loc": [
        7.818827241680556,
        -10.509548848262185,
        3.445860163896823
    ],
    "loc_prox": [
        7.824151951628316,
        -10.46490217122255,
        3.567505778966345
    ],
    "angle": 1.4301269929878686,
    "angle_prox": 1.4300532894153528,
    "fov": [
        9.282648782655789,
        57.327786728032166,
        44.42282857493201
    ],
    "fov_prox": [
        10.039647286145563,
        58.08224046370422,
        44.422828574931984
    ],
    "R": [
        [
            0.9840191065153528,
            -0.17140742192732364,
            -0.048227520369132484
        ],
        [
            -0.13401002802665626,
            -0.5345457436368597,
            -0.8344472184314664
        ],
        [
            0.11725063070628422,
            0.8275749776714766,
            -0.5489735384615851
        ]
    ],
    "R_prox": [
        [
            0.9839309321411056,
            -0.1720297717207474,
            -0.04780876925463103
        ],
        [
            -0.13553564785459674,
            -0.5453138289549315,
            -0.8272018593494254
        ],
        [
            0.11623256401099379,
            0.8203892890525931,
            -0.559867310593511
        ]
    ],
    "rvec": [
        2.1416344845297166,
        -0.21300291155318402,
        0.04823227462228018
    ],
    "rvec_prox": [
        2.1547571263217677,
        -0.21453698158566542,
        0.04772784409877754
    ],
    "tvec": [
        -9.328141793973508,
        -1.6951569553506114,
        9.673202275701525
    ],
    "tvec_prox": [
        -9.328141793973508,
        -1.6951569553506114,
        9.673202275701525
    ],
    "dist": [
        -0.36963142,
        0.14456421,
        0.00159254,
        0.00068338,
        -0.02897618
    ],
    "dist_prox": [
        -0.36963142,
        0.14456421,
        0.00159254,
        0.00068338,
        -0.02897618
    ],
    "mtx": [
        [
            865.4,
            0.0,
            653.68
        ],
        [
            0.0,
            863.05,
            357.26
        ],
        [
            0.0,
            0.0,
            1.0
        ]
    ],
    "mtx_prox": [
        [
            865.4,
            0.0,
            653.68
        ],
        [
            0.0,
            863.05,
            357.26
        ],
        [
            0.0,
            0.0,
            1.0
        ]
    ],
    "rotate_angle": [
        33.29662188332164,
        -8.063982037699873,
        -3.3077739862208038
    ],
    "rotate_angle_prox": [
        34.04662188332164,
        -8.063982037699873,
        -3.3077739862208038
    ],
    "anchors": [
        [
            9.709192039491867,
            -7.092071605139395,
            0.6382634961074649
        ],
        [
            8.576432721125691,
            -7.9765302011774155,
            1.240655905537193
        ],
        [
            9.309617807924912,
            -7.133911247651568,
            1.1640479205157148
        ],
        [
            10.491237412067829,
            -5.638306129361245,
            1.2120016189835412
        ],
        [
            11.248483681929795,
            -7.552722062309679,
            0.6852619598772547
        ],
        [
            5.529071417743094,
            -6.863517382082373,
            0.1029834988777995
        ],
        [
            10.986171836887824,
            -6.69119885947026,
            0.6352745892228875
        ],
        [
            9.914437291313805,
            -7.593342847611543,
            0.06646725050609908
        ],
        [
            5.387365233487701,
            -7.1508100930655765,
            0.6548235561235173
        ],
        [
            8.948367598161763,
            -5.751381640392257,
            1.4301400099502612
        ],
        [
            6.574644438345824,
            -8.256675582821876,
            1.1125194668608895
        ],
        [
            7.2178081922105415,
            -6.951975626661946,
            1.4682012740929844
        ],
        [
            10.685962314791844,
            -6.058965311789974,
            0.7744576053837824
        ],
        [
            5.620712180416005,
            -6.413748551047959,
            1.2992992857527836
        ],
        [
            7.7101629719219895,
            -6.807049010059043,
            0.5842479433083293
        ],
        [
            6.483730197677041,
            -6.063318846995564,
            0.8715744293650078
        ],
        [
            10.00528829230631,
            -7.12833247414396,
            0.5438894090220816
        ],
        [
            7.906215313927263,
            -5.9758870672561795,
            0.96483051170588
        ],
        [
            9.932613837354292,
            -8.036644394374168,
            1.264899134799001
        ],
        [
            9.579872429841982,
            -8.647893005240167,
            0.8489041138559663
        ]
    ]
}