{
    "cameraid": "Cfb3d8da71ac01e82",
    "loc": [
        18.3452806986923,
        1.6836588915316506,
        3.3096067813131715
    ],
    "loc_prox": [
        18.326440789187927,
        1.7218187506959364,
        3.393292857078632
    ],
    "angle": 2.0186165660913256,
    "angle_prox": 2.018548848630741,
    "fov": [
        6.305235971080139,
        54.45681470047928,
        44.42282857493201
    ],
    "fov_prox": [
        7.062782483061298,
        55.21487806148837,
        44.42282857493203
    ],
    "R": [
        [
            0.8917807396079767,
            0.45109605941660763,
            0.03520593192998189
        ],
        [
            0.25473132744368676,
            -0.4362281379567342,
            -0.8630277877760238
        ],
        [
            -0.3739506161019492,
            0.7785996126595549,
            -0.5039281495246756
        ]
    ],
    "R_prox": [
        [
            0.8915819887811112,
            0.4515098769372908,
            0.03493405658080811
        ],
        [
            0.2596034463459649,
            -0.44637233809120025,
            -0.8563631159924469
        ],
        [
            -0.3710628086003989,
            0.7725869315585578,
            -0.51519105704439
        ]
    ],
    "rvec": [
        2.045646434631603,
        0.5100035404130747,
        -0.244734350027111
    ],
    "rvec_prox": [
        2.0585033067481544,
        0.5130580221053285,
        -0.24251205403897463
    ],
    "tvec": [
        -17.23548418300293,
        -1.0831440820482652,
        7.2182000594843405
    ],
    "tvec_prox": [
        -17.23548418300293,
        -1.0831440820482652,
        7.2182000594843405
    ],
    "dist": [
        -0.36963142,
        0.14456421,
        0.00159254,
        0.00068338,
        -0.02897618
    ],
    "dist_prox": [
        -0.36963142,
        0.14456421,
        0.00159254,
        0.00068338,
        -0.02897618
    ],
    "mtx": [
        [
            865.4,
            0.0,
            653.68
        ],
        [
            0.0,
            863.05,
            357.26
        ],
        [
            0.0,
            0.0,
            1.0
        ]
    ],
    "mtx_prox": [
        [
            865.4,
            0.0,
            653.68
        ],
        [
            0.0,
            863.05,
            357.26
        ],
        [
            0.0,
            0.0,
            1.0
        ]
    ],
    "rotate_angle": [
        30.26022635920804,
        25.65432976753307,
        2.3360006908576927
    ],
    "rotate_angle_prox": [
        31.010226359208044,
        25.65432976753307,
        2.3360006908576927
    ],
    "anchors": [
        [
            19.102886178137435,
            4.21667753861642,
            1.240655905537193
        ],
        [
            14.738794637370523,
            5.7489464526609195,
            0.33917165051179116
        ],
        [
            16.055524874754838,
            5.3296903577114625,
            0.1029834988777995
        ],
        [
            16.338615202329777,
            3.169331677433415,
            0.09707386176443217
        ],
        [
            15.913818690499443,
            5.042397646728259,
            0.6548235561235173
        ],
        [
            13.842731521212908,
            4.721161776676127,
            0.38025561703771604
        ],
        [
            19.474821055173507,
            6.441826099401578,
            1.4301400099502612
        ],
        [
            14.453811884178327,
            4.985227839847224,
            1.3326862200284981
        ],
        [
            17.10109789535757,
            3.9365321569719596,
            1.1125194668608895
        ],
        [
            17.744261649222285,
            5.241232113131889,
            1.4682012740929844
        ],
        [
            16.147165637427747,
            5.779459188745876,
            1.2992992857527836
        ],
        [
            18.236616428933733,
            5.386158729734793,
            0.5842479433083293
        ],
        [
            14.51949116628002,
            3.504262579909839,
            0.030099732513896416
        ],
        [
            15.878727750704304,
            3.3903005375795967,
            0.640695280432916
        ],
        [
            17.010183654688785,
            6.129888892798271,
            0.8715744293650078
        ],
        [
            15.047733502149104,
            5.725225537574484,
            0.24987153260582468
        ],
        [
            14.75011153258756,
            6.226375237753177,
            0.7674199006384741
        ],
        [
            18.432668770939006,
            6.217320672537656,
            0.96483051170588
        ],
        [
            14.198313161957868,
            4.604796006978522,
            0.2146139877033411
        ],
        [
            13.410211161227835,
            5.961059726562833,
            1.0491553699999638
        ]
    ]
}