{
    "cameraid": "C2deb4973b432cea7",
    "loc": [
        -2.925796445050989,
        5.761645375684465,
        3.232360524184001
    ],
    "loc_prox": [
        -2.9503110091648157,
        5.748478112064074,
        3.2335214821682268
    ],
    "angle": -2.0136763056827776,
    "angle_prox": -2.009402940877641,
    "fov": [
        1.7951497071451588,
        49.9347929729593,
        44.42282857493202
    ],
    "fov_prox": [
        1.7939281830698783,
        49.93300486256497,
        44.42282857493201
    ],
    "R": [
        [
            -0.9111094905218661,
            0.4100609145665266,
            0.041587770147596376
        ],
        [
            0.14416705173642652,
            0.41158904330101276,
            -0.8998946164013782
        ],
        [
            -0.38612867994311434,
            -0.8139069392623587,
            -0.43411995663176683
        ]
    ],
    "R_prox": [
        [
            -0.9128900400120245,
            0.40608155858274964,
            0.041587770147596376
        ],
        [
            0.14236978907586464,
            0.41221417070536315,
            -0.8998946164013782
        ],
        [
            -0.3825736765713739,
            -0.8155839903092107,
            -0.43411995663176683
        ]
    ],
    "rvec": [
        0.48551608986425787,
        2.4138615637240415,
        -1.5006465300780902
    ],
    "rvec_prox": [
        0.480298264808365,
        2.416350302452008,
        -1.5023053578707455
    ],
    "tvec": [
        -5.162135434597914,
        0.9602595921219671,
        4.963391592643949
    ],
    "tvec_prox": [
        -5.162135434597914,
        0.9602595921219671,
        4.963391592643949
    ],
    "dist": [
        -0.36963142,
        0.14456421,
        0.00159254,
        0.00068338,
        -0.02897618
    ],
    "dist_prox": [
        -0.36963142,
        0.14456421,
        0.00159254,
        0.00068338,
        -0.02897618
    ],
    "mtx": [
        [
            865.4,
            0.0,
            653.68
        ],
        [
            0.0,
            863.05,
            357.26
        ],
        [
            0.0,
            0.0,
            1.0
        ]
    ],
    "mtx_prox": [
        [
            865.4,
            0.0,
            653.68
        ],
        [
            0.0,
            863.05,
            357.26
        ],
        [
            0.0,
            0.0,
            1.0
        ]
    ],
    "rotate_angle": [
        25.729308565546063,
        154.6196921465355,
        2.6459870831397594
    ],
    "rotate_angle_prox": [
        25.729308565546063,
        154.8696921465355,
        2.6459870831397594
    ],
    "anchors": [
        [
            -6.381545740442048,
            3.259400569647297,
            1.3048413690841647
        ],
        [
            -6.557904950199094,
            3.2508547515994293,
            0.5742369998556109
        ],
        [
            -4.530640692706802,
            2.247332758407703,
            0.685529080038552
        ],
        [
            -2.433731951796159,
            2.690417201995152,
            0.4998253295354728
        ],
        [
            -6.105521457517961,
            3.0985482843689316,
            0.8153813301143409
        ],
        [
            -7.663780165657076,
            1.703079924394598,
            0.7106294636507637
        ],
        [
            -5.200290913478565,
            0.9071313794898641,
            0.2912942754966707
        ],
        [
            -3.961640563458686,
            3.742351139090012,
            1.4460118264812294
        ],
        [
            -7.15442668902059,
            1.7808453057665332,
            1.461158268610197
        ],
        [
            -2.4118910298830203,
            3.909451503473178,
            1.003789253544526
        ],
        [
            -4.271856447000695,
            1.8439562760788863,
            0.21295321192461314
        ],
        [
            -6.851142209183684,
            4.272844769023134,
            0.31668477410220486
        ],
        [
            -5.741721403546753,
            4.057462627980552,
            0.7767899414952031
        ],
        [
            -5.290809591152671,
            1.0572211215997678,
            0.4960366269665379
        ],
        [
            -7.2011785461687845,
            3.4105863803516403,
            1.3963380687756755
        ],
        [
            -4.245710182792594,
            1.7114277450040962,
            1.1175099042557748
        ],
        [
            -5.151782154908595,
            1.2004952584638628,
            0.1984361797879104
        ],
        [
            -2.968515019194439,
            1.5685684404389768,
            0.7588344944445854
        ],
        [
            -4.271011556886093,
            1.1025636558769456,
            1.1833333941455213
        ],
        [
            -4.013595313422269,
            3.4066080576337274,
            1.0737913299663249
        ]
    ]
}