{
    "cameraid": "C50f7409efbb0e13f",
    "loc": [
        -0.4153466325356825,
        -13.445456701518664,
        2.9334208101033026
    ],
    "loc_prox": [
        -0.35551007545045943,
        -13.447982352427676,
        2.9297029920737643
    ],
    "angle": -2.717036395652047,
    "angle_prox": -2.7127397913030697,
    "fov": [
        -0.03696227122257154,
        48.036191213769015,
        44.42282857493203
    ],
    "fov_prox": [
        -0.035668982401631556,
        48.03856010305132,
        44.42282857493201
    ],
    "R": [
        [
            -0.39097716063682053,
            0.9190409812304483,
            -0.05000534650759476
        ],
        [
            0.39221759855089827,
            0.11721408513945866,
            -0.9123739439680894
        ],
        [
            -0.8326477137705575,
            -0.37633035097357553,
            -0.40629207682253565
        ]
    ],
    "R_prox": [
        [
            -0.3949834988625076,
            0.917326278347561,
            -0.05000534650759476
        ],
        [
            0.3917024236160527,
            0.11892433603524658,
            -0.9123739439680894
        ],
        [
            -0.8309977418499053,
            -0.37995986808028676,
            -0.40629207682253565
        ]
    ],
    "rvec": [
        1.2689636193742029,
        1.8522208390618353,
        -1.2470842700915439
    ],
    "rvec_prox": [
        1.2652859645196866,
        1.8560341677207604,
        -1.2491489540345346
    ],
    "tvec": [
        12.342267802436847,
        4.411531203983495,
        -4.214806557355815
    ],
    "tvec_prox": [
        12.342267802436847,
        4.411531203983495,
        -4.214806557355815
    ],
    "dist": [
        -0.36963142,
        0.14456421,
        0.00159254,
        0.00068338,
        -0.02897618
    ],
    "dist_prox": [
        -0.36963142,
        0.14456421,
        0.00159254,
        0.00068338,
        -0.02897618
    ],
    "mtx": [
        [
            865.4,
            0.0,
            653.68
        ],
        [
            0.0,
            863.05,
            357.26
        ],
        [
            0.0,
            0.0,
            1.0
        ]
    ],
    "mtx_prox": [
        [
            865.4,
            0.0,
            653.68
        ],
        [
            0.0,
            863.05,
            357.26
        ],
        [
            0.0,
            0.0,
            1.0
        ]
    ],
    "rotate_angle": [
        23.972120695264262,
        114.32145904113439,
        -3.1371255783209953
    ],
    "rotate_angle_prox": [
        23.972120695264262,
        114.5714590411344,
        -3.1371255783209953
    ],
    "anchors": [
        [
            -3.871095927926742,
            -15.947701507555832,
            1.3048413690841647
        ],
        [
            -4.047455137683787,
            -15.9562473256037,
            0.5742369998556109
        ],
        [
            -2.0201908801914956,
            -16.959769318795427,
            0.685529080038552
        ],
        [
            -2.640101038009126,
            -13.869867377575385,
            1.0122684325194202
        ],
        [
            -5.216596095582656,
            -14.541276396329302,
            1.3429530428155836
        ],
        [
            -3.0998093505146715,
            -14.001935406066055,
            0.2161095084428834
        ],
        [
            -3.5950716450026543,
            -16.108553792834197,
            0.8153813301143409
        ],
        [
            -5.153330353141769,
            -17.50402215280853,
            0.7106294636507637
        ],
        [
            -2.689841100963258,
            -18.299970697713263,
            0.2912942754966707
        ],
        [
            -1.4511907509433795,
            -15.464750938113117,
            1.4460118264812294
        ],
        [
            -4.643976876505283,
            -17.426256771436595,
            1.461158268610197
        ],
        [
            -4.340692396668377,
            -14.934257308179994,
            0.31668477410220486
        ],
        [
            -3.231271591031447,
            -15.149639449222576,
            0.7767899414952031
        ],
        [
            -2.7803597786373646,
            -18.14988095560336,
            0.4960366269665379
        ],
        [
            -4.6907287336534775,
            -15.79651569685149,
            1.3963380687756755
        ],
        [
            -2.6413323423932886,
            -18.006606818739264,
            0.1984361797879104
        ],
        [
            -5.182440657586087,
            -13.74407605513721,
            1.3481349205118076
        ],
        [
            -1.5031455009069625,
            -15.800494019569403,
            1.0737913299663249
        ],
        [
            -4.663904630544842,
            -17.66010836592932,
            0.42223688975570345
        ],
        [
            -3.43886875697903,
            -15.599465998749885,
            0.6483742204150287
        ]
    ]
}