{
    "cameraid": "Cde1d44f5db8ad3ec",
    "loc": [
        -1.5227202472717,
        6.935816707479668,
        3.0478482858152547
    ],
    "loc_prox": [
        -1.5521720197414899,
        6.9291562224891505,
        3.048141333669389
    ],
    "angle": -0.2945510140637252,
    "angle_prox": -0.2902497882133866,
    "fov": [
        7.147763979844051,
        55.28566870384397,
        44.42282857493201
    ],
    "fov_prox": [
        7.159154593365669,
        55.29691146493892,
        44.42282857493202
    ],
    "R": [
        [
            -0.2661469627469881,
            -0.9630436780268983,
            0.041384398424736714
        ],
        [
            -0.5076480321157049,
            0.10353845547167943,
            -0.8553205619693655
        ],
        [
            0.8194261831974894,
            -0.2486496781638035,
            -0.5164436734431271
        ]
    ],
    "R_prox": [
        [
            -0.2619423717977728,
            -0.9641957920588432,
            0.04138439842473672
        ],
        [
            -0.5080949699764065,
            0.10132244448829332,
            -0.8553205619693656
        ],
        [
            0.8205033183001955,
            -0.2450719013247678,
            -0.5164436734431271
        ]
    ],
    "rvec": [
        1.4331272497736733,
        -1.837974994380085,
        1.0759761352465151
    ],
    "rvec_prox": [
        1.436644598922133,
        -1.8341981889395778,
        1.0737504641411926
    ],
    "tvec": [
        6.148338156545678,
        1.1164081160035146,
        4.545897090326424
    ],
    "tvec_prox": [
        6.148338156545678,
        1.1164081160035146,
        4.545897090326424
    ],
    "dist": [
        -0.36963142,
        0.14456421,
        0.00159254,
        0.00068338,
        -0.02897618
    ],
    "dist_prox": [
        -0.36963142,
        0.14456421,
        0.00159254,
        0.00068338,
        -0.02897618
    ],
    "mtx": [
        [
            865.4,
            0.0,
            653.68
        ],
        [
            0.0,
            863.05,
            357.26
        ],
        [
            0.0,
            0.0,
            1.0
        ]
    ],
    "mtx_prox": [
        [
            865.4,
            0.0,
            653.68
        ],
        [
            0.0,
            863.05,
            357.26
        ],
        [
            0.0,
            0.0,
            1.0
        ]
    ],
    "rotate_angle": [
        31.094001036286535,
        -106.88008786919303,
        2.770076763250864
    ],
    "rotate_angle_prox": [
        31.094001036286535,
        -106.63008786919303,
        2.770076763250864
    ],
    "anchors": [
        [
            3.037296849018053,
            4.0126348082711365,
            1.2426673279117961
        ],
        [
            2.811664461244113,
            3.3857636568419407,
            1.1183703165659062
        ],
        [
            2.0096772517843617,
            4.998995362800906,
            1.4547455523094825
        ],
        [
            -0.46407028907493997,
            5.273461274673051,
            1.0179731602622144
        ],
        [
            0.8639865030883569,
            7.720366633469878,
            0.6761033501363463
        ],
        [
            1.80957289399695,
            5.3459838384844485,
            0.7796872604179331
        ],
        [
            0.3155919417808897,
            7.171947886917459,
            0.6965588542671353
        ],
        [
            -0.18563590841277877,
            4.7258319008311584,
            0.27893988563502586
        ],
        [
            1.3824147253459738,
            7.251833599450479,
            0.01955614814253942
        ],
        [
            1.5741391616074671,
            5.7574354674584445,
            0.5353883594063875
        ],
        [
            3.1060009696156796,
            4.77822336157659,
            0.6845928253148129
        ],
        [
            3.070691537712802,
            6.285160075730566,
            0.2747396396834324
        ],
        [
            1.2639009220988693,
            3.7759298531674905,
            0.3093155847238302
        ],
        [
            2.5461654088580956,
            3.0869730510221554,
            0.5583107769457787
        ],
        [
            1.922811525106146,
            3.294485463766751,
            1.2834890828233907
        ],
        [
            0.2727711564327202,
            5.580372583844063,
            1.46887008547364
        ],
        [
            1.3108864763437285,
            6.238630583387287,
            1.4711792127073673
        ],
        [
            1.3113279983273514,
            5.704402734837833,
            0.7283630666691112
        ],
        [
            1.7701215322215798,
            3.805875802695028,
            0.8220572179582146
        ],
        [
            2.9256777578154955,
            5.906943859511827,
            1.334570033786269
        ]
    ]
}