{
    "cameraid": "C825bb203cf76766e",
    "loc": [
        3.0913033928482507,
        -6.637107147047869,
        3.1158059074885434
    ],
    "loc_prox": [
        3.1045804293175028,
        -6.636274106126241,
        3.1043583471349825
    ],
    "angle": 0.06893420931719849,
    "angle_prox": 0.06890909257969707,
    "fov": [
        3.7278009557219502,
        51.84060988217386,
        44.42282857493202
    ],
    "fov_prox": [
        3.976290019323988,
        52.088752838589286,
        44.42282857493202
    ],
    "R": [
        [
            0.050232414368252216,
            -0.9981102048398331,
            -0.0353938347925553
        ],
        [
            -0.46668933421463893,
            0.007873769217054478,
            -0.8843862669041247
        ],
        [
            0.8829936409040743,
            0.06094278261536025,
            -0.4654118685315875
        ]
    ],
    "R_prox": [
        [
            0.05007852338310024,
            -0.9981208261449254,
            -0.03531229122472822
        ],
        [
            -0.47053461050827705,
            0.007608374511584969,
            -0.8823487365838496
        ],
        [
            0.880959319043503,
            0.060802377034645604,
            -0.4692693780094163
        ]
    ],
    "rvec": [
        1.56417298235842,
        -1.519549825822662,
        0.8792577310151616
    ],
    "rvec_prox": [
        1.5672163211599737,
        -1.5225511601407737,
        0.8766800102610472
    ],
    "tvec": [
        -6.669654190935244,
        4.2504304673595525,
        -0.8747275099430166
    ],
    "tvec_prox": [
        -6.669654190935244,
        4.2504304673595525,
        -0.8747275099430166
    ],
    "dist": [
        -0.36963142,
        0.14456421,
        0.00159254,
        0.00068338,
        -0.02897618
    ],
    "dist_prox": [
        -0.36963142,
        0.14456421,
        0.00159254,
        0.00068338,
        -0.02897618
    ],
    "mtx": [
        [
            865.4,
            0.0,
            653.68
        ],
        [
            0.0,
            863.05,
            357.26
        ],
        [
            0.0,
            0.0,
            1.0
        ]
    ],
    "mtx_prox": [
        [
            865.4,
            0.0,
            653.68
        ],
        [
            0.0,
            863.05,
            357.26
        ],
        [
            0.0,
            0.0,
            1.0
        ]
    ],
    "rotate_angle": [
        27.736880728338292,
        -86.05179982510707,
        -2.2917991709707715
    ],
    "rotate_angle_prox": [
        27.986880728338292,
        -86.05179982510707,
        -2.2917991709707715
    ],
    "anchors": [
        [
            7.651320489138004,
            -9.5602890462564,
            1.2426673279117961
        ],
        [
            7.660563427381914,
            -3.3837780831998874,
            0.5073229687073639
        ],
        [
            7.425688101364064,
            -10.187160197685596,
            1.1183703165659062
        ],
        [
            6.6237008919043125,
            -8.573928491726631,
            1.4547455523094825
        ],
        [
            6.52095983309749,
            -3.680280361095364,
            0.6852619598772547
        ],
        [
            5.478010143208308,
            -5.852557221057659,
            0.6761033501363463
        ],
        [
            6.423596534116901,
            -8.226940016043088,
            0.7796872604179331
        ],
        [
            5.996438365465925,
            -6.321090255077058,
            0.01955614814253942
        ],
        [
            6.188162801727418,
            -7.8154883870690925,
            0.5353883594063875
        ],
        [
            7.72002460973563,
            -8.794700492950948,
            0.6845928253148129
        ],
        [
            7.684715177832753,
            -7.287763778796971,
            0.2747396396834324
        ],
        [
            4.886794796552671,
            -7.992551270683474,
            1.46887008547364
        ],
        [
            6.1637361413414,
            -4.544489882977544,
            0.4450554538480008
        ],
        [
            5.924910116463679,
            -7.33429327114025,
            1.4711792127073673
        ],
        [
            5.925351638447302,
            -7.868521119689705,
            0.7283630666691112
        ],
        [
            7.539701397935446,
            -7.665979995015711,
            1.334570033786269
        ],
        [
            7.6614108552022175,
            -8.188221087320617,
            0.21013898831626515
        ],
        [
            6.927724396080152,
            -6.76102145176576,
            0.8856276426672594
        ],
        [
            7.94715898398776,
            -4.151774089255649,
            0.9723877066682141
        ],
        [
            7.747996345864922,
            -7.210385108261569,
            0.2472892345123759
        ]
    ]
}