{
    "cameraid": "C9a3e5ffa338531bf",
    "loc": [
        3.094886605080549,
        -10.495754730422492,
        3.0866840626487657
    ],
    "loc_prox": [
        3.0958213254147964,
        -10.482559853775411,
        3.1302776546539937
    ],
    "angle": 1.4582453154270254,
    "angle_prox": 1.458186121077132,
    "fov": [
        0.5754874658727335,
        48.74591374316186,
        44.42282857493201
    ],
    "fov_prox": [
        0.8227224147694947,
        48.9930886017785,
        44.42282857493203
    ],
    "R": [
        [
            0.9932136652028299,
            -0.1160251521993373,
            -0.008048559590481123
        ],
        [
            -0.05552446731977635,
            -0.41222431642092566,
            -0.909388886274819
        ],
        [
            0.10219417196306255,
            0.9036643608156854,
            -0.41586905896972287
        ]
    ],
    "R_prox": [
        [
            0.9932097228076968,
            -0.11606001330647849,
            -0.008032423766090648
        ],
        [
            -0.05596990979665859,
            -0.4161631955509159,
            -0.9075657352865434
        ],
        [
            0.10198929217134475,
            0.9018526864073478,
            -0.41983320057165313
        ]
    ],
    "rvec": [
        1.9966744059473402,
        -0.12137947289386596,
        0.06656663538399377
    ],
    "rvec_prox": [
        2.000980776129213,
        -0.12166966794858985,
        0.06645181706849324
    ],
    "tvec": [
        -4.266262159964811,
        -1.348250024673788,
        10.452178625316474
    ],
    "tvec_prox": [
        -4.266262159964811,
        -1.348250024673788,
        10.452178625316474
    ],
    "dist": [
        -0.36963142,
        0.14456421,
        0.00159254,
        0.00068338,
        -0.02897618
    ],
    "dist_prox": [
        -0.36963142,
        0.14456421,
        0.00159254,
        0.00068338,
        -0.02897618
    ],
    "mtx": [
        [
            865.4,
            0.0,
            653.68
        ],
        [
            0.0,
            863.05,
            357.26
        ],
        [
            0.0,
            0.0,
            1.0
        ]
    ],
    "mtx_prox": [
        [
            865.4,
            0.0,
            653.68
        ],
        [
            0.0,
            863.05,
            357.26
        ],
        [
            0.0,
            0.0,
            1.0
        ]
    ],
    "rotate_angle": [
        24.574057194302483,
        -6.4520895177279,
        -0.5070838915950855
    ],
    "rotate_angle_prox": [
        24.824057194302483,
        -6.4520895177279,
        -0.5070838915950855
    ],
    "anchors": [
        [
            4.98525140289186,
            -7.078277487299703,
            0.6382634961074649
        ],
        [
            3.852492084525685,
            -7.962736083337723,
            1.240655905537193
        ],
        [
            4.585677171324904,
            -7.1201171298118755,
            1.1640479205157148
        ],
        [
            5.767296775467821,
            -5.624512011521553,
            1.2120016189835412
        ],
        [
            6.524543045329788,
            -7.538927944469987,
            0.6852619598772547
        ],
        [
            0.8051307811430872,
            -6.84972326424268,
            0.1029834988777995
        ],
        [
            6.262231200287817,
            -6.677404741630568,
            0.6352745892228875
        ],
        [
            5.190496654713797,
            -7.579548729771851,
            0.06646725050609908
        ],
        [
            0.663424596887694,
            -7.137015975225884,
            0.6548235561235173
        ],
        [
            4.224426961561756,
            -5.737587522552564,
            1.4301400099502612
        ],
        [
            1.8507038017458166,
            -8.242881464982183,
            1.1125194668608895
        ],
        [
            2.4938675556105343,
            -6.938181508822254,
            1.4682012740929844
        ],
        [
            5.962021678191836,
            -6.0451711939502815,
            0.7744576053837824
        ],
        [
            0.8967715438159973,
            -6.399954433208267,
            1.2992992857527836
        ],
        [
            2.9862223353219823,
            -6.79325489221935,
            0.5842479433083293
        ],
        [
            1.7597895610770342,
            -6.049524729155872,
            0.8715744293650078
        ],
        [
            5.281347655706302,
            -7.1145383563042675,
            0.5438894090220816
        ],
        [
            3.182274677327256,
            -5.962092949416487,
            0.96483051170588
        ],
        [
            5.208673200754286,
            -8.022850276534474,
            1.264899134799001
        ],
        [
            4.855931793241975,
            -8.634098887400475,
            0.8489041138559663
        ]
    ]
}