{
    "cameraid": "C9c64e171827659d7",
    "loc": [
        -19.7551181147997,
        -1.951823139401788,
        3.081459094062494
    ],
    "loc_prox": [
        -19.755588162005985,
        -1.938652806946273,
        3.086755110613789
    ],
    "angle": 1.5973421908225516,
    "angle_prox": 1.5973365048668857,
    "fov": [
        1.7437834202250906,
        49.90998601627665,
        44.42282857493202
    ],
    "fov_prox": [
        1.9948880792801655,
        50.16103201158154,
        44.42282857493198
    ],
    "R": [
        [
            0.9997137818311979,
            0.021084328914623644,
            -0.011305109065549317
        ],
        [
            -0.0010195604127703538,
            -0.4345669690156949,
            -0.9006389453810426
        ],
        [
            -0.02390219473874128,
            0.9003926923930091,
            -0.4344210913065102
        ]
    ],
    "R_prox": [
        [
            0.9997150894657253,
            0.021035070485191907,
            -0.011281210228508172
        ],
        [
            -0.0009153856918647008,
            -0.4384912177493687,
            -0.8987350076778532
        ],
        [
            -0.023851665844798312,
            0.8984892752650744,
            -0.43834703177969553
        ]
    ],
    "rvec": [
        2.020211661142004,
        0.014083236197869895,
        -0.024831025468514577
    ],
    "rvec_prox": [
        2.0245933021200346,
        0.014160759170059795,
        -0.02472743495418229
    ],
    "tvec": [
        19.82556161859502,
        1.9060086651881614,
        2.623725008664499
    ],
    "tvec_prox": [
        19.82556161859502,
        1.9060086651881614,
        2.623725008664499
    ],
    "dist": [
        -0.36963142,
        0.14456421,
        0.00159254,
        0.00068338,
        -0.02897618
    ],
    "dist_prox": [
        -0.36963142,
        0.14456421,
        0.00159254,
        0.00068338,
        -0.02897618
    ],
    "mtx": [
        [
            865.4,
            0.0,
            653.68
        ],
        [
            0.0,
            863.05,
            357.26
        ],
        [
            0.0,
            0.0,
            1.0
        ]
    ],
    "mtx_prox": [
        [
            865.4,
            0.0,
            653.68
        ],
        [
            0.0,
            863.05,
            357.26
        ],
        [
            0.0,
            0.0,
            1.0
        ]
    ],
    "rotate_angle": [
        25.748462741018322,
        1.520640191050624,
        -0.7191572424446712
    ],
    "rotate_angle_prox": [
        25.998462741018322,
        1.520640191050624,
        -0.7191572424446712
    ],
    "anchors": [
        [
            -17.864753316988388,
            1.4656541037210014,
            0.6382634961074649
        ],
        [
            -18.997512635354564,
            0.5811955076829811,
            1.240655905537193
        ],
        [
            -23.361604176121475,
            2.113464421727481,
            0.33917165051179116
        ],
        [
            -18.264327548555343,
            1.4238144612088286,
            1.1640479205157148
        ],
        [
            -17.082707944412427,
            2.9194195794991513,
            1.2120016189835412
        ],
        [
            -22.04487393873716,
            1.694208326778024,
            0.1029834988777995
        ],
        [
            -16.58777351959243,
            1.8665268493901364,
            0.6352745892228875
        ],
        [
            -17.659508065166452,
            0.9643828612488532,
            0.06646725050609908
        ],
        [
            -22.186580122992556,
            1.4069156157948202,
            0.6548235561235173
        ],
        [
            -18.625577758318492,
            2.8063440684681398,
            1.4301400099502612
        ],
        [
            -20.99930091813443,
            0.301050126038521,
            1.1125194668608895
        ],
        [
            -20.356137164269715,
            1.6057500821984503,
            1.4682012740929844
        ],
        [
            -16.887983041688415,
            2.4987603970704226,
            0.7744576053837824
        ],
        [
            -21.953233176064252,
            2.1439771578124374,
            1.2992992857527836
        ],
        [
            -19.863782384558267,
            1.750676698801354,
            0.5842479433083293
        ],
        [
            -21.090215158803215,
            2.4944068618648325,
            0.8715744293650078
        ],
        [
            -23.052665311342896,
            2.089743506641045,
            0.24987153260582468
        ],
        [
            -23.35028728090444,
            2.5908932068197386,
            0.7674199006384741
        ],
        [
            -17.568657064173948,
            1.4293932347164366,
            0.5438894090220816
        ],
        [
            -19.667730042552993,
            2.581838641604217,
            0.96483051170588
        ]
    ]
}