{
    "cameraid": "C9fcaf220eeec07bf",
    "loc": [
        -0.35013011302787844,
        -18.719039738992564,
        2.68782409666621
    ],
    "loc_prox": [
        -0.36193700217754654,
        -18.719053973987215,
        2.6861604840477
    ],
    "angle": 3.1336428680248485,
    "angle_prox": 3.1336550355848343,
    "fov": [
        0.6052090278493948,
        48.778154760295386,
        44.42282857493201
    ],
    "fov_prox": [
        0.8687583873754887,
        49.041737665997566,
        44.422828574932026
    ],
    "R": [
        [
            -0.0009695117929737166,
            0.9998101861189166,
            0.019458976842079184
        ],
        [
            0.4162068055895452,
            0.01809691123301813,
            -0.9090898727764878
        ],
        [
            -0.909269462276079,
            0.007217585238952933,
            -0.4161453489292998
        ]
    ],
    "R_prox": [
        [
            -0.0010543298811858505,
            0.9998108593866407,
            0.01941993411545268
        ],
        [
            0.42016936054028514,
            0.01806545732490006,
            -0.907265863854036
        ],
        [
            -0.9074450930230817,
            0.007203103788583016,
            -0.42010893640119273
        ]
    ],
    "rvec": [
        1.5036119835984145,
        1.523911996765786,
        -0.95790018058265
    ],
    "rvec_prox": [
        1.5067658747674666,
        1.5271907990578797,
        -0.9550723545187366
    ],
    "tvec": [
        18.662966780016827,
        2.927304821500488,
        0.9348773559454122
    ],
    "tvec_prox": [
        18.662966780016827,
        2.927304821500488,
        0.9348773559454122
    ],
    "dist": [
        -0.36963142,
        0.14456421,
        0.00159254,
        0.00068338,
        -0.02897618
    ],
    "dist_prox": [
        -0.36963142,
        0.14456421,
        0.00159254,
        0.00068338,
        -0.02897618
    ],
    "mtx": [
        [
            865.4,
            0.0,
            653.68
        ],
        [
            0.0,
            863.05,
            357.26
        ],
        [
            0.0,
            0.0,
            1.0
        ]
    ],
    "mtx_prox": [
        [
            865.4,
            0.0,
            653.68
        ],
        [
            0.0,
            863.05,
            357.26
        ],
        [
            0.0,
            0.0,
            1.0
        ]
    ],
    "rotate_angle": [
        24.591465289847473,
        89.54520798892884,
        1.2262231195211875
    ],
    "rotate_angle_prox": [
        24.841465289847473,
        89.54520798892884,
        1.2262231195211875
    ],
    "anchors": [
        [
            -3.8573088822076755,
            -18.590993574626914,
            0.20387940603075994
        ],
        [
            -2.3567956093904012,
            -17.2333669530908,
            0.09707386176443217
        ],
        [
            -4.85267929050727,
            -15.681536853848087,
            0.38025561703771604
        ],
        [
            -4.24159892754185,
            -15.41747079067699,
            1.3326862200284981
        ],
        [
            -4.175919645440158,
            -16.898436050614375,
            0.030099732513896416
        ],
        [
            -2.8166830610158753,
            -17.01239809294462,
            0.640695280432916
        ],
        [
            -4.09733646629457,
            -18.356978329626855,
            0.537699629413964
        ],
        [
            -3.7878739982020715,
            -18.388204798453305,
            0.15728460359013746
        ],
        [
            -3.7800078739571967,
            -17.580156128632645,
            0.7967543180807521
        ],
        [
            -4.49709764976231,
            -15.797902623545692,
            0.2146139877033411
        ],
        [
            -5.285199650492343,
            -14.441638903961382,
            1.0491553699999638
        ],
        [
            -2.6273513894019613,
            -17.610728107040558,
            0.06310133757712943
        ],
        [
            -5.224131558424139,
            -17.441992742704134,
            0.5294651066703728
        ],
        [
            -4.866678094937164,
            -18.029017890398585,
            1.4266035234978025
        ],
        [
            -3.972005125008754,
            -17.381136210024135,
            0.6068100910053967
        ],
        [
            -5.183025841212401,
            -15.81865144547525,
            0.024142035363401593
        ],
        [
            -2.8879407714660195,
            -18.128794158989944,
            0.0007420681665247231
        ],
        [
            -4.510144569886305,
            -14.887581936591763,
            1.463073719660926
        ],
        [
            -4.750381346699679,
            -14.704238732456302,
            0.5255056199102361
        ],
        [
            -1.8357832375022924,
            -17.72757651588679,
            1.2690707649749404
        ]
    ]
}