{
    "cameraid": "Ca988ffd85e1340b6",
    "loc": [
        15.654039453792354,
        -10.894609758309505,
        3.3124373957714157
    ],
    "loc_prox": [
        15.668114323735441,
        -10.893196858744673,
        3.2499492677020108
    ],
    "angle": 0.09659399853873012,
    "angle_prox": 0.0965550355848319,
    "fov": [
        20.011588393814332,
        68.18926163319283,
        44.422828574932005
    ],
    "fov_prox": [
        20.259572478257297,
        68.43722955799359,
        44.422828574932076
    ],
    "R": [
        [
            0.10609873711350738,
            -0.9943043394423917,
            0.010096462199593337
        ],
        [
            -0.6899474234385962,
            -0.08092608083798772,
            -0.7193215708781754
        ],
        [
            0.7160416264948297,
            0.0693530821682241,
            -0.6946038720885497
        ]
    ],
    "R_prox": [
        [
            0.10614249353830883,
            -0.9943001013606765,
            0.010053830096961517
        ],
        [
            -0.693064846116161,
            -0.08122802260102265,
            -0.7162842504357539
        ],
        [
            0.7130181555496691,
            0.06906024021444074,
            -0.6977361916068792
        ]
    ],
    "rvec": [
        1.8320586609704244,
        -1.6398985956794117,
        0.7069436613681528
    ],
    "rvec_prox": [
        1.8351099637240975,
        -1.6426127045378962,
        0.7038946919542447
    ],
    "tvec": [
        -12.526833901917426,
        12.302073877240781,
        -8.151755959321129
    ],
    "tvec_prox": [
        -12.526833901917426,
        12.302073877240781,
        -8.151755959321129
    ],
    "dist": [
        -0.36963142,
        0.14456421,
        0.00159254,
        0.00068338,
        -0.02897618
    ],
    "dist_prox": [
        -0.36963142,
        0.14456421,
        0.00159254,
        0.00068338,
        -0.02897618
    ],
    "mtx": [
        [
            865.4,
            0.0,
            653.68
        ],
        [
            0.0,
            863.05,
            357.26
        ],
        [
            0.0,
            0.0,
            1.0
        ]
    ],
    "mtx_prox": [
        [
            865.4,
            0.0,
            653.68
        ],
        [
            0.0,
            863.05,
            357.26
        ],
        [
            0.0,
            0.0,
            1.0
        ]
    ],
    "rotate_angle": [
        43.995659335961335,
        -84.46780397025366,
        0.8041559026164652
    ],
    "rotate_angle_prox": [
        44.245659335961335,
        -84.46780397025366,
        0.8041559026164652
    ],
    "anchors": [
        [
            20.214056550082105,
            -13.817791657518036,
            1.2426673279117961
        ],
        [
            20.223299488326017,
            -7.641280694461523,
            0.5073229687073639
        ],
        [
            19.186436952848418,
            -12.831431102988267,
            1.4547455523094825
        ],
        [
            19.083695894041593,
            -7.937782972357,
            0.6852619598772547
        ],
        [
            18.040746204152413,
            -10.110059832319294,
            0.6761033501363463
        ],
        [
            18.986332595061004,
            -12.484442627304723,
            0.7796872604179331
        ],
        [
            17.492351642844945,
            -10.658478578871714,
            0.6965588542671353
        ],
        [
            18.559174426410028,
            -10.578592866338694,
            0.01955614814253942
        ],
        [
            18.75089886267152,
            -12.072990998330727,
            0.5353883594063875
        ],
        [
            20.282760670679735,
            -13.052203104212584,
            0.6845928253148129
        ],
        [
            20.247451238776854,
            -11.545266390058607,
            0.2747396396834324
        ],
        [
            17.449530857496775,
            -12.25005388194511,
            1.46887008547364
        ],
        [
            18.726472202285503,
            -8.80199249423918,
            0.4450554538480008
        ],
        [
            18.487646177407782,
            -11.591795882401886,
            1.4711792127073673
        ],
        [
            18.488087699391407,
            -12.12602373095134,
            0.7283630666691112
        ],
        [
            20.10243745887955,
            -11.923482606277346,
            1.334570033786269
        ],
        [
            20.22414691614632,
            -12.445723698582253,
            0.21013898831626515
        ],
        [
            19.490460457024255,
            -11.018524063027396,
            0.8856276426672594
        ],
        [
            20.509895044931863,
            -8.409276700517285,
            0.9723877066682141
        ],
        [
            20.310732406809024,
            -11.467887719523205,
            0.2472892345123759
        ]
    ]
}