{
    "cameraid": "C142c79d90039ce7a",
    "angle": -2.1195674853047457,
    "fov": [
        11.387924656990592,
        55.57548207362659,
        40.9071096319269
    ],
    "R": [
        [
            -0.8531130510384083,
            0.5217260777726771,
            -0.0001480536276119602
        ],
        [
            0.29574171535336474,
            0.48335541981462077,
            -0.8239565376496998
        ],
        [
            -0.42980805011980355,
            -0.7029718613911727,
            -0.5666529821190763
        ]
    ],
    "rvec": [
        0.69855058339245,
        2.4808037719476443,
        -1.3048058075408981
    ],
    "tvec": [
        -1.7763587600653747,
        0.22712864802297197,
        4.2394452433719945
    ],
    "dist": [
        -0.4812081920913018,
        0.14485395741439253,
        0.003573347325116471,
        0.00015097997283135319
    ],
    "mtx": [
        [
            939.4137562350303,
            0.0,
            665.6
        ],
        [
            0.0,
            940.2909620008924,
            374.40000000000003
        ],
        [
            0.0,
            0.0,
            1.0
        ]
    ],
    "anchors": {
        "id": [
            1,
            2,
            18,
            19,
            20,
            21,
            22,
            23,
            24,
            26,
            27,
            "c"
        ],
        "pts2D": [
            [
                996.0,
                232.0
            ],
            [
                865.0,
                568.0
            ],
            [
                1138.0,
                456.0
            ],
            [
                1208.0,
                43.0
            ],
            [
                1010.0,
                73.0
            ],
            [
                584.0,
                60.0
            ],
            [
                360.0,
                78.0
            ],
            [
                132.0,
                234.0
            ],
            [
                29.0,
                484.0
            ],
            [
                444.0,
                58.0
            ],
            [
                804.0,
                98.0
            ],
            [
                640.0,
                360.0
            ]
        ],
        "pts3D_restruction": [
            [
                -3.198433193743761,
                1.508020009358254,
                0.7027556663168427
            ],
            [
                -0.9316326859676947,
                2.8403308637897515,
                0.8113737789118142
            ],
            [
                -3.262397076986785,
                2.6443438649972277,
                -0.09477345978927987
            ],
            [
                -12.728733998192924,
                -1.0102244643058094,
                1.024146699606775
            ],
            [
                -6.597406575001426,
                -0.7392486308892167,
                0.7153288215458036
            ],
            [
                -2.2238717247342503,
                -0.8732239257566887,
                1.166503201006195
            ],
            [
                -0.7870240873881702,
                -0.7298736192454405,
                1.3217882967336063
            ],
            [
                0.6225519488850173,
                -0.863949443434969,
                0.8181220377892862
            ],
            [
                1.560247429269154,
                -0.06355804773889945,
                -0.00911908957732277
            ],
            [
                -1.2517824531109891,
                -0.7298556496039118,
                1.3582407183197072
            ],
            [
                -3.8982136780422287,
                -0.7407358435434824,
                0.7017711300066432
            ],
            [
                -1.68693433031076,
                0.6430742110252794,
                0.0
            ]
        ],
        "pts3D_measure": [
            [
                -3.221620809726751,
                1.5118186252954335,
                0.7038343183650415
            ],
            [
                -0.968778934729845,
                2.866474088169553,
                0.7970710268478718
            ],
            [
                -3.258356653432048,
                2.6402150185544255,
                0.004162440412100565
            ],
            [
                -12.628107941406485,
                -0.9238311956665894,
                1.0233185844314807
            ],
            [
                -6.598177637123859,
                -0.7353526714395359,
                0.6849338553976511
            ],
            [
                -2.329396709846039,
                -0.9194792042853521,
                1.1592220982790722
            ],
            [
                -0.8213685356757257,
                -0.7523945766279079,
                1.3334828706450836
            ],
            [
                0.5870456221871159,
                -0.8870943539394203,
                0.7809920693175401
            ],
            [
                1.5909070150324043,
                -0.10319915109492887,
                -0.01154329320864611
            ],
            [
                -1.3375799545875973,
                -0.7564590393309087,
                1.3500520555053686
            ],
            [
                -3.9392427959760425,
                -0.7302401472549824,
                0.6840580345088485
            ],
            [
                -1.71,
                0.67,
                0.0
            ]
        ],
        "pts3D_error": [
            0.023521447834984374,
            0.04762227099451284,
            0.09910441334323826,
            0.13262762135128403,
            0.030653335935547782,
            0.11544733748133969,
            0.04270243211540169,
            0.05634732182233708,
            0.050172741979122804,
            0.09019981043927972,
            0.045905358196197836,
            0.03545452340850615
        ],
        "angle_error": [
            0.34645902284320756,
            0.20217260861887326,
            0.3437083266366527,
            0.20704157007014953,
            0.17517489958251234,
            0.5365699037621497,
            0.06456331607088613,
            0.1597440178315204,
            0.4434327554322178,
            0.320710327473547,
            0.19357068095125918,
            0.44850823778565907
        ]
    }
}