{
    "cameraid": "C58ea83521a4169a3",
    "angle": 2.594954115731272,
    "fov": [
        4.203809533329369,
        48.516721655602694,
        40.58525770040771
    ],
    "R": [
        [
            0.5225633049028297,
            0.8525781053577369,
            -0.006177914991651668
        ],
        [
            0.391957678635714,
            -0.24666148856646314,
            -0.8862997733366961
        ],
        [
            -0.7571636352384699,
            0.46072625747051615,
            -0.46307077768919624
        ]
    ],
    "rvec": [
        1.8464529634028783,
        1.0294231714230642,
        -0.6314012739717453
    ],
    "tvec": [
        0.25420532101514054,
        2.0305020435626404,
        1.3770370289657041
    ],
    "dist": [
        -0.5194126396097387,
        0.1845756512698469,
        0.010966834118168702,
        0.00452185933069605
    ],
    "mtx": [
        [
            953.6446692287004,
            0.0,
            665.6
        ],
        [
            0.0,
            942.8863448315558,
            374.40000000000003
        ],
        [
            0.0,
            0.0,
            1.0
        ]
    ],
    "anchors": {
        "id": [
            1,
            2,
            3,
            18,
            19,
            20,
            26,
            27,
            28,
            30,
            31,
            32,
            "c"
        ],
        "pts2D": [
            [
                598.0,
                336.0
            ],
            [
                1172.0,
                429.0
            ],
            [
                1260.0,
                354.0
            ],
            [
                770.0,
                407.0
            ],
            [
                115.0,
                142.0
            ],
            [
                124.0,
                265.0
            ],
            [
                84.0,
                629.0
            ],
            [
                124.0,
                401.0
            ],
            [
                1208.0,
                194.0
            ],
            [
                516.0,
                42.0
            ],
            [
                309.0,
                102.0
            ],
            [
                245.0,
                16.0
            ],
            [
                640.0,
                360.0
            ]
        ],
        "pts3D_restruction": [
            [
                -3.198433193743761,
                1.508020009358254,
                0.7027556663168427
            ],
            [
                -0.9316326859676947,
                2.8403308637897515,
                0.8113737789118142
            ],
            [
                -0.9762878008993345,
                4.201635121665154,
                0.7878540465552699
            ],
            [
                -3.262397076986785,
                2.6443438649972277,
                -0.09477345978927987
            ],
            [
                -12.728733998192924,
                -1.0102244643058094,
                1.024146699606775
            ],
            [
                -6.597406575001426,
                -0.7392486308892167,
                0.7153288215458036
            ],
            [
                -1.2517824531109891,
                -0.7298556496039118,
                1.3582407183197072
            ],
            [
                -3.8982136780422287,
                -0.7407358435434824,
                0.7017711300066432
            ],
            [
                -1.508582622660417,
                4.201733182570389,
                1.5195428626413452
            ],
            [
                -10.008473252845402,
                4.241451678539161,
                1.5155827091737963
            ],
            [
                -11.756699146437363,
                1.9266293185967118,
                0.9888228222810422
            ],
            [
                -14.414108064725756,
                1.3865321933219457,
                2.4213337141830786
            ],
            [
                -3.1918684205784364,
                1.7356301478818867,
                0.53
            ]
        ],
        "pts3D_measure": [
            [
                -3.221620809726751,
                1.5118186252954335,
                0.7038343183650415
            ],
            [
                -0.968778934729845,
                2.866474088169553,
                0.7970710268478718
            ],
            [
                -0.9396303534389778,
                4.183467930699965,
                0.8225650191513779
            ],
            [
                -3.258356653432048,
                2.6402150185544255,
                0.004162440412100565
            ],
            [
                -12.628107941406485,
                -0.9238311956665894,
                1.0233185844314807
            ],
            [
                -6.598177637123859,
                -0.7353526714395359,
                0.6849338553976511
            ],
            [
                -1.3375799545875973,
                -0.7564590393309087,
                1.3500520555053686
            ],
            [
                -3.9392427959760425,
                -0.7302401472549824,
                0.6840580345088485
            ],
            [
                -1.5134114979380549,
                4.203017458568255,
                1.530904150745861
            ],
            [
                -10.007140661650602,
                4.210630020054888,
                1.5208265837355714
            ],
            [
                -11.664595842436203,
                1.8742551489322934,
                1.0033122955212725
            ],
            [
                -14.35041431762026,
                1.385868562426568,
                2.379911924831058
            ],
            [
                -3.18,
                1.71,
                0.53
            ]
        ],
        "pts3D_error": [
            0.023521447834984374,
            0.04762227099451284,
            0.0536532096005654,
            0.09910441334323826,
            0.13262762135128403,
            0.030653335935547782,
            0.09019981043927972,
            0.045905358196197836,
            0.012411537724210005,
            0.03129294890919189,
            0.10693931499101136,
            0.07598090851936036,
            0.02824471432806562
        ],
        "angle_error": [
            0.187796477622753,
            0.18563016700492177,
            0.8963977595068605,
            0.33849150849523024,
            0.2363810836106385,
            0.0008102847180697748,
            0.7925923254762611,
            0.09574437208894712,
            0.06329138901761973,
            0.23206214278742282,
            0.19975317071386386,
            0.16783399864419718,
            0.2260799928681342
        ]
    }
}