{
    "cameraid": "C78fcb895887a3935",
    "angle": -0.4924229127661769,
    "fov": [
        6.060683346697045,
        50.18636798145851,
        40.61723845364604
    ],
    "R": [
        [
            -0.46564648446048196,
            -0.8848541781257397,
            0.014367844758895371
        ],
        [
            -0.43650238368817695,
            0.21552181083412017,
            -0.8735078809543285
        ],
        [
            0.7698305141679782,
            -0.41301747240062775,
            -0.4865979315077932
        ]
    ],
    "rvec": [
        1.217627544778896,
        -1.9975924324109353,
        1.1855306527943856
    ],
    "tvec": [
        5.409476551058078,
        3.113038227808781,
        -0.8136657622370198
    ],
    "dist": [
        -0.4403195590779183,
        0.11113384487346661,
        0.0036614961951079166,
        0.0004013670319512582
    ],
    "mtx": [
        [
            935.0389127974432,
            0.0,
            665.6
        ],
        [
            0.0,
            937.2917673564307,
            374.40000000000003
        ],
        [
            0.0,
            0.0,
            1.0
        ]
    ],
    "anchors": {
        "id": [
            7,
            8,
            10,
            33,
            35,
            37,
            38,
            39,
            "c"
        ],
        "pts2D": [
            [
                46.0,
                277.0
            ],
            [
                140.0,
                555.0
            ],
            [
                1084.0,
                232.0
            ],
            [
                754.0,
                57.0
            ],
            [
                131.0,
                151.0
            ],
            [
                89.0,
                127.0
            ],
            [
                532.0,
                349.0
            ],
            [
                840.0,
                254.0
            ],
            [
                640.0,
                360.0
            ]
        ],
        "pts3D_restruction": [
            [
                7.938161410771119,
                4.514638564849499,
                1.4059580954666182
            ],
            [
                7.89450104840375,
                4.397401917946023,
                0.06637880160505044
            ],
            [
                6.990022069924499,
                -0.2841737803111436,
                1.0555381304005977
            ],
            [
                10.733283064523327,
                -0.72900435466261,
                1.4238243010746983
            ],
            [
                11.277260583617679,
                4.35659456726752,
                1.2657026243868863
            ],
            [
                8.939307504462326,
                4.351980098080821,
                1.8165431784047006
            ],
            [
                9.05071344928671,
                2.0493029656778354,
                -0.01627485442836335
            ],
            [
                9.458113545893667,
                -0.7784557041259408,
                -0.026371088994407432
            ],
            [
                8.626016169254413,
                1.4969136033736303,
                0.0
            ]
        ],
        "pts3D_measure": [
            [
                7.936731673409179,
                4.501075141963969,
                1.3824143563374633
            ],
            [
                7.940988360552845,
                4.450654760023604,
                0.02895913148410212
            ],
            [
                6.9932227257649,
                -0.28290191204841925,
                1.0804135585300438
            ],
            [
                10.708014975947787,
                -0.7359934075367657,
                1.4053756817857068
            ],
            [
                11.292358435081969,
                4.352819756816681,
                1.2320659506625657
            ],
            [
                8.976111163155826,
                4.426613800789133,
                1.8062459588129667
            ],
            [
                9.049743250058532,
                2.0019336563823376,
                -0.01588553966157802
            ],
            [
                9.506436938030445,
                -0.7710024905338606,
                0.021563185266308182
            ],
            [
                8.61,
                1.53,
                0.0
            ]
        ],
        "pts3D_error": [
            0.027208789783405664,
            0.07998229236617203,
            0.025112721304344096,
            0.03205736598676255,
            0.037062381629003986,
            0.08384945798573072,
            0.04738084334055838,
            0.06847185749894255,
            0.03675904404773705
        ],
        "angle_error": [
            0.2348165414499545,
            0.21163179122382778,
            0.08870552641987725,
            0.14011681450483535,
            0.09996375767947428,
            0.796021927143037,
            0.2008475199231611,
            0.12654074801100537,
            0.2848565682654259
        ]
    }
}