{
    "cameraid": "C9f859b0853a4bfe0",
    "angle": 2.495016286715848,
    "fov": [
        7.49145368433032,
        50.882420254544265,
        40.34385177800326
    ],
    "R": [
        [
            0.584278782808298,
            0.810675009291987,
            0.03774034008180724
        ],
        [
            0.4286487503122613,
            -0.26878458441459335,
            -0.8625630968438257
        ],
        [
            -0.6891143249242395,
            0.520154665931693,
            -0.5045399594617839
        ]
    ],
    "rvec": [
        1.898014393631231,
        0.997731173634641,
        -0.5243957644929226
    ],
    "tvec": [
        -5.248616515377963,
        -1.653348589604854,
        7.9662276892101165
    ],
    "dist": [
        -0.48305353629902,
        0.13240374267047605,
        0.011521667332701649,
        0.0055033443274563
    ],
    "mtx": [
        [
            961.116839695671,
            0.0,
            665.6
        ],
        [
            0.0,
            958.6605953425743,
            374.40000000000003
        ],
        [
            0.0,
            0.0,
            1.0
        ]
    ],
    "anchors": {
        "id": [
            1,
            2,
            3,
            4,
            5,
            6,
            7,
            8,
            10,
            11,
            16,
            17,
            "c"
        ],
        "pts2D": [
            [
                211.0,
                74.0
            ],
            [
                343.0,
                64.0
            ],
            [
                443.0,
                49.0
            ],
            [
                516.0,
                40.0
            ],
            [
                838.0,
                30.0
            ],
            [
                791.0,
                198.0
            ],
            [
                1207.0,
                196.0
            ],
            [
                1152.0,
                404.0
            ],
            [
                200.0,
                431.0
            ],
            [
                418.0,
                237.0
            ],
            [
                847.0,
                333.0
            ],
            [
                112.0,
                166.0
            ],
            [
                640.0,
                360.0
            ]
        ],
        "pts3D_restruction": [
            [
                -3.198433193743761,
                1.508020009358254,
                0.7027556663168427
            ],
            [
                -0.9316326859676947,
                2.8403308637897515,
                0.8113737789118142
            ],
            [
                -0.9762878008993345,
                4.201635121665154,
                0.7878540465552699
            ],
            [
                -0.20980075604347626,
                4.793586184593711,
                0.9458398202864245
            ],
            [
                5.126001606708635,
                4.325632269127537,
                1.7195882648851524
            ],
            [
                5.660040475703918,
                3.4543743118864128,
                0.7291508638876525
            ],
            [
                7.938161410771119,
                4.514638564849499,
                1.4059580954666182
            ],
            [
                7.89450104840375,
                4.397401917946023,
                0.06637880160505044
            ],
            [
                6.990022069924499,
                -0.2841737803111436,
                1.0555381304005977
            ],
            [
                3.1872904153556854,
                2.028894896977312,
                -0.017961935843428395
            ],
            [
                6.180898878175357,
                3.5263853066176796,
                -0.02184547105761453
            ],
            [
                2.9200858975839563,
                -0.31399429886948327,
                1.0511655328889238
            ],
            [
                5.738010873796959,
                2.265197478264107,
                0.0
            ]
        ],
        "pts3D_measure": [
            [
                -3.221620809726751,
                1.5118186252954335,
                0.7038343183650415
            ],
            [
                -0.968778934729845,
                2.866474088169553,
                0.7970710268478718
            ],
            [
                -0.9396303534389778,
                4.183467930699965,
                0.8225650191513779
            ],
            [
                -0.25582907398149324,
                4.8242623651655725,
                0.9439767871203861
            ],
            [
                5.07201072316909,
                4.331774151459596,
                1.6907241271663533
            ],
            [
                5.6753294895742545,
                3.444444833270897,
                0.7447771207334781
            ],
            [
                7.936731673409179,
                4.501075141963969,
                1.3824143563374633
            ],
            [
                7.940988360552845,
                4.450654760023604,
                0.02895913148410212
            ],
            [
                6.9932227257649,
                -0.28290191204841925,
                1.0804135585300438
            ],
            [
                3.166168464737675,
                2.039672316935914,
                0.017649687275199888
            ],
            [
                6.16839478339374,
                3.5111725218388434,
                0.01432400991277627
            ],
            [
                2.8604695598486547,
                -0.263080594002669,
                1.0638018110529306
            ],
            [
                5.71,
                2.31,
                0.0
            ]
        ],
        "pts3D_error": [
            0.023521447834984374,
            0.04762227099451284,
            0.0536532096005654,
            0.05534532499912136,
            0.061529478058987314,
            0.024011005678959526,
            0.027208789783405664,
            0.07998229236617203,
            0.025112721304344096,
            0.04278407741224485,
            0.04118267306407288,
            0.07941025496793705,
            0.05283819645639262
        ],
        "angle_error": [
            0.13791318085007012,
            0.09702283568340973,
            0.08747625814416661,
            0.13098390680660787,
            0.5201849626011252,
            0.18590095207452847,
            0.21637455563512495,
            0.6497941421364059,
            0.0008102847180697748,
            0.22955412078584744,
            0.062124237698861356,
            0.2971130230867565,
            0.31052223093814246
        ]
    }
}