{
    "cameraid": "Ccf4692cb9838d53c",
    "angle": 0.43142042605690806,
    "fov": [
        5.6793053839651515,
        50.10594934684364,
        41.09122661114451
    ],
    "R": [
        [
            0.4369117889034858,
            -0.8986933218247196,
            0.03818903016321389
        ],
        [
            -0.4203153452000595,
            -0.24150916195961766,
            -0.8746475491756197
        ],
        [
            0.7952629120652558,
            0.36609238997446286,
            -0.4832527937801034
        ]
    ],
    "rvec": [
        1.8409588744125953,
        -1.1233150779592718,
        0.7097975599898706
    ],
    "tvec": [
        -1.9889940042373713,
        3.5753936752694884,
        -1.7818596708679255
    ],
    "dist": [
        -0.48250386168805204,
        0.14432618767666855,
        0.005245943477830916,
        -9.113257007208182e-05
    ],
    "mtx": [
        [
            936.8105546968,
            0.0,
            665.6
        ],
        [
            0.0,
            935.5020000992216,
            374.40000000000003
        ],
        [
            0.0,
            0.0,
            1.0
        ]
    ],
    "anchors": {
        "id": [
            6,
            7,
            8,
            10,
            16,
            33,
            35,
            36,
            37,
            38,
            "c"
        ],
        "pts2D": [
            [
                96.0,
                344.0
            ],
            [
                265.0,
                112.0
            ],
            [
                283.0,
                286.0
            ],
            [
                967.0,
                334.0
            ],
            [
                188.0,
                424.0
            ],
            [
                1069.0,
                131.0
            ],
            [
                528.0,
                65.0
            ],
            [
                27.0,
                28.0
            ],
            [
                365.0,
                36.0
            ],
            [
                641.0,
                297.0
            ],
            [
                640.0,
                360.0
            ]
        ],
        "pts3D_restruction": [
            [
                5.660040475703918,
                3.4543743118864128,
                0.7291508638876525
            ],
            [
                7.938161410771119,
                4.514638564849499,
                1.4059580954666182
            ],
            [
                7.89450104840375,
                4.397401917946023,
                0.06637880160505044
            ],
            [
                6.990022069924499,
                -0.2841737803111436,
                1.0555381304005977
            ],
            [
                6.180898878175357,
                3.5263853066176796,
                -0.02184547105761453
            ],
            [
                10.733283064523327,
                -0.72900435466261,
                1.4238243010746983
            ],
            [
                11.277260583617679,
                4.35659456726752,
                1.2657026243868863
            ],
            [
                5.7484422376156274,
                4.180630042552784,
                2.4399067988951044
            ],
            [
                8.939307504462326,
                4.351980098080821,
                1.8165431784047006
            ],
            [
                9.05071344928671,
                2.0493029656778354,
                -0.01627485442836335
            ],
            [
                8.14300831572015,
                1.6148848390525303,
                0.0
            ]
        ],
        "pts3D_measure": [
            [
                5.6753294895742545,
                3.444444833270897,
                0.7447771207334781
            ],
            [
                7.936731673409179,
                4.501075141963969,
                1.3824143563374633
            ],
            [
                7.940988360552845,
                4.450654760023604,
                0.02895913148410212
            ],
            [
                6.9932227257649,
                -0.28290191204841925,
                1.0804135585300438
            ],
            [
                6.16839478339374,
                3.5111725218388434,
                0.01432400991277627
            ],
            [
                10.708014975947787,
                -0.7359934075367657,
                1.4053756817857068
            ],
            [
                11.292358435081969,
                4.352819756816681,
                1.2320659506625657
            ],
            [
                5.776133754137625,
                4.160389780980952,
                2.4264744856896483
            ],
            [
                8.976111163155826,
                4.426613800789133,
                1.8062459588129667
            ],
            [
                9.049743250058532,
                2.0019336563823376,
                -0.01588553966157802
            ],
            [
                8.16,
                1.58,
                0.0
            ]
        ],
        "pts3D_error": [
            0.024011005678959526,
            0.027208789783405664,
            0.07998229236617203,
            0.025112721304344096,
            0.04118267306407288,
            0.03205736598676255,
            0.037062381629003986,
            0.036836331438319325,
            0.08384945798573072,
            0.04738084334055838,
            0.038802955175953155
        ],
        "angle_error": [
            0.2996485355121407,
            0.0008102847180697748,
            0.20941637582584033,
            0.14429400655194527,
            0.2160536340771254,
            0.20611686419953287,
            0.06321681794539186,
            0.3266435719912371,
            0.14232305250956698,
            0.2846334064051017,
            0.3816465955150735
        ]
    }
}