{
    "cameraid": "Cf9ed46a5770558d3",
    "angle": -2.658033886063428,
    "fov": [
        2.746458439887922,
        46.962038564953964,
        41.01992010794061
    ],
    "R": [
        [
            -0.46756431424726147,
            0.8839376894748329,
            0.006145987990717479
        ],
        [
            0.38355249398823654,
            0.20913684829909174,
            -0.8995272441893721
        ],
        [
            -0.7964113864064801,
            -0.4182295300542713,
            -0.43682143238706994
        ]
    ],
    "rvec": [
        1.1711810705625147,
        1.9529284626324,
        -1.217628199204624
    ],
    "tvec": [
        1.0750608708229645,
        -1.9062726705496347,
        10.476191598190773
    ],
    "dist": [
        -0.49555078348206616,
        0.16305692257305368,
        0.0046998760642074705,
        0.00024687566416473116
    ],
    "mtx": [
        [
            937.4529801539212,
            0.0,
            665.6
        ],
        [
            0.0,
            941.4616329589608,
            374.40000000000003
        ],
        [
            0.0,
            0.0,
            1.0
        ]
    ],
    "anchors": {
        "id": [
            1,
            2,
            3,
            10,
            11,
            12,
            13,
            14,
            15,
            16,
            17,
            "c"
        ],
        "pts2D": [
            [
                908.0,
                122.0
            ],
            [
                983.0,
                148.0
            ],
            [
                1086.0,
                165.0
            ],
            [
                207.0,
                273.0
            ],
            [
                819.0,
                306.0
            ],
            [
                687.0,
                14.0
            ],
            [
                1070.0,
                29.0
            ],
            [
                18.0,
                80.0
            ],
            [
                235.0,
                447.0
            ],
            [
                936.0,
                555.0
            ],
            [
                576.0,
                145.0
            ],
            [
                640.0,
                360.0
            ]
        ],
        "pts3D_restruction": [
            [
                -3.198433193743761,
                1.508020009358254,
                0.7027556663168427
            ],
            [
                -0.9316326859676947,
                2.8403308637897515,
                0.8113737789118142
            ],
            [
                -0.9762878008993345,
                4.201635121665154,
                0.7878540465552699
            ],
            [
                6.990022069924499,
                -0.2841737803111436,
                1.0555381304005977
            ],
            [
                3.1872904153556854,
                2.028894896977312,
                -0.017961935843428395
            ],
            [
                -0.5630644521693515,
                -0.815512247686696,
                2.193867933238037
            ],
            [
                0.355549594711027,
                3.830612185653593,
                2.4336238579741734
            ],
            [
                7.895754364494845,
                -0.7619805035882604,
                2.432632085684581
            ],
            [
                6.980463411143232,
                -0.3043963584460158,
                -0.007691526244074001
            ],
            [
                6.180898878175357,
                3.5263853066176796,
                -0.02184547105761453
            ],
            [
                2.9200858975839563,
                -0.31399429886948327,
                1.0511655328889238
            ],
            [
                4.760987321022892,
                1.2426507880988424,
                0.0
            ]
        ],
        "pts3D_measure": [
            [
                -3.221620809726751,
                1.5118186252954335,
                0.7038343183650415
            ],
            [
                -0.968778934729845,
                2.866474088169553,
                0.7970710268478718
            ],
            [
                -0.9396303534389778,
                4.183467930699965,
                0.8225650191513779
            ],
            [
                6.9932227257649,
                -0.28290191204841925,
                1.0804135585300438
            ],
            [
                3.166168464737675,
                2.039672316935914,
                0.017649687275199888
            ],
            [
                -0.4717208162894311,
                -0.8594318103356375,
                2.1604909663909617
            ],
            [
                0.37535311664429116,
                3.8473473876412894,
                2.4045400662068035
            ],
            [
                7.885652402795178,
                -0.7598341997279281,
                2.4161423713672656
            ],
            [
                6.9777963653432105,
                -0.2910757319853478,
                0.02486650590006456
            ],
            [
                6.16839478339374,
                3.5111725218388434,
                0.01432400991277627
            ],
            [
                2.8604695598486547,
                -0.263080594002669,
                1.0638018110529306
            ],
            [
                4.82,
                1.29,
                0.0
            ]
        ],
        "pts3D_error": [
            0.023521447834984374,
            0.04762227099451284,
            0.0536532096005654,
            0.025112721304344096,
            0.04278407741224485,
            0.10670805834119822,
            0.038962974862014936,
            0.01945679646573657,
            0.03527857252926796,
            0.04118267306407288,
            0.07941025496793705,
            0.07566005648766047
        ],
        "angle_error": [
            0.09406685079686045,
            0.08839623254392125,
            0.146174552766248,
            0.18704153765621268,
            0.23083352070660007,
            0.3142234722131026,
            0.2220720791938855,
            0.2005910667852795,
            0.33084241593132985,
            0.14653028127826181,
            0.7070470172886844,
            0.2832809214420482
        ]
    }
}