{
    "cameraid": "C2b318a6642bf6276",
    "loc": [
        -2.01398506960442,
        -8.73123326818717,
        3.149310979537248
    ],
    "loc_prox": [
        -1.8999933677391896,
        -8.757087821211762,
        3.148359570324449
    ],
    "angle": -2.895594551406717,
    "angle_prox": -2.8824906859945547,
    "fov": [
        7.598303444692095,
        55.756812622681295,
        44.42282857493202
    ],
    "fov_prox": [
        7.610572143452082,
        55.76908922309978,
        44.42282857493202
    ],
    "R": [
        [
            -0.23542485909875652,
            0.9717982741939327,
            -0.013536986076104662
        ],
        [
            0.5122484206365044,
            0.11223486186395375,
            -0.8514721905839239
        ],
        [
            -0.8259398835712787,
            -0.20739202023239278,
            -0.5242250076734124
        ]
    ],
    "R_prox": [
        [
            -0.2481251360660674,
            0.9686334016851632,
            -0.013536986076104662
        ],
        [
            0.5107354261207925,
            0.11893037108924859,
            -0.8514721905839239
        ],
        [
            -0.8231544456281628,
            -0.21818547149707915,
            -0.5242250076734124
        ]
    ],
    "rvec": [
        1.4417765812966699,
        1.818520394562128,
        -1.0289457325711135
    ],
    "rvec_prox": [
        1.4317628194524858,
        1.830419210808133,
        -1.0352361367390754
    ],
    "tvec": [
        8.053590951887204,
        4.6926182466268305,
        -1.8242085026189665
    ],
    "tvec_prox": [
        8.053590951887204,
        4.6926182466268305,
        -1.8242085026189665
    ],
    "dist": [
        -0.36963142,
        0.14456421,
        0.00159254,
        0.00068338,
        -0.02897618
    ],
    "dist_prox": [
        -0.36963142,
        0.14456421,
        0.00159254,
        0.00068338,
        -0.02897618
    ],
    "mtx": [
        [
            865.4,
            0.0,
            653.68
        ],
        [
            0.0,
            863.05,
            357.26
        ],
        [
            0.0,
            0.0,
            1.0
        ]
    ],
    "mtx_prox": [
        [
            865.4,
            0.0,
            653.68
        ],
        [
            0.0,
            863.05,
            357.26
        ],
        [
            0.0,
            0.0,
            1.0
        ]
    ],
    "rotate_angle": [
        31.616085791453738,
        104.09544920674254,
        -0.9108304896656029
    ],
    "rotate_angle_prox": [
        31.616085791453738,
        104.84544920674254,
        -0.9108304896656029
    ],
    "anchors": [
        [
            -5.46973436499548,
            -11.233478074224339,
            1.3048413690841647
        ],
        [
            -5.646093574752525,
            -11.242023892272206,
            0.5742369998556109
        ],
        [
            -4.238739475077864,
            -9.155643944243891,
            1.0122684325194202
        ],
        [
            -6.8152345326513935,
            -9.827052962997808,
            1.3429530428155836
        ],
        [
            -4.698447787583409,
            -9.287711972734561,
            0.2161095084428834
        ],
        [
            -5.193710082071392,
            -11.394330359502703,
            0.8153813301143409
        ],
        [
            -6.7519687902105066,
            -12.789798719477037,
            0.7106294636507637
        ],
        [
            -6.242615313574021,
            -12.712033338105101,
            1.461158268610197
        ],
        [
            -5.939330833737115,
            -10.2200338748485,
            0.31668477410220486
        ],
        [
            -4.829910028100184,
            -10.435416015891082,
            0.7767899414952031
        ],
        [
            -6.289367170722215,
            -11.082292263519996,
            1.3963380687756755
        ],
        [
            -6.781079094654824,
            -9.029852621805716,
            1.3481349205118076
        ],
        [
            -6.26254306761358,
            -12.945884932597828,
            0.42223688975570345
        ],
        [
            -5.037507194047768,
            -10.885242565418391,
            0.6483742204150287
        ],
        [
            -5.667284841330272,
            -9.150908088923774,
            1.210604850177852
        ],
        [
            -6.751435957811933,
            -9.354496684862251,
            1.3553569793811555
        ],
        [
            -4.878540907234175,
            -12.953144745612274,
            0.26321819969143956
        ],
        [
            -5.43097002207679,
            -9.003917783135035,
            1.2823012088423655
        ],
        [
            -4.81897183281487,
            -9.783591283666258,
            0.9160433553907172
        ],
        [
            -5.047155737700393,
            -12.90741247793413,
            0.5668992720674533
        ]
    ]
}