{
    "cameraid": "C2ea85e7b02daa189",
    "loc": [
        -6.850352982445102,
        -10.654962435118266,
        2.9235396033611494
    ],
    "loc_prox": [
        -6.709493946635897,
        -10.743509557739477,
        2.926147237087305
    ],
    "angle": -0.019647625642256212,
    "angle_prox": -0.006582407312388381,
    "fov": [
        -1.7107296424193148,
        46.43492754308155,
        44.42282857493202
    ],
    "fov_prox": [
        -1.709526214978097,
        46.43566318717878,
        44.42282857493203
    ],
    "R": [
        [
            -0.0037506677931925234,
            -0.9992354343444243,
            0.0389163107400312
        ],
        [
            -0.3787631872126407,
            -0.034597459659006256,
            -0.9248467244888018
        ],
        [
            0.9254860239374916,
            -0.018208858713631485,
            -0.3783438343104322
        ]
    ],
    "R_prox": [
        [
            0.009329241251741477,
            -0.9991989221451613,
            0.0389163107400312
        ],
        [
            -0.37827787089678305,
            -0.03955235254863091,
            -0.9248467244888018
        ],
        [
            0.9256450819009755,
            -0.0060930609562577,
            -0.3783438343104322
        ]
    ],
    "rvec": [
        1.5140971441995124,
        -1.480920011176056,
        1.0361921115435992
    ],
    "rvec_prox": [
        1.522076224413967,
        -1.4690213858832453,
        1.0286643818207821
    ],
    "tvec": [
        -10.786183537593836,
        -0.2567464749734281,
        7.252238980564926
    ],
    "tvec_prox": [
        -10.786183537593836,
        -0.2567464749734281,
        7.252238980564926
    ],
    "dist": [
        -0.36963142,
        0.14456421,
        0.00159254,
        0.00068338,
        -0.02897618
    ],
    "dist_prox": [
        -0.36963142,
        0.14456421,
        0.00159254,
        0.00068338,
        -0.02897618
    ],
    "mtx": [
        [
            865.4,
            0.0,
            653.68
        ],
        [
            0.0,
            863.05,
            357.26
        ],
        [
            0.0,
            0.0,
            1.0
        ]
    ],
    "mtx_prox": [
        [
            865.4,
            0.0,
            653.68
        ],
        [
            0.0,
            863.05,
            357.26
        ],
        [
            0.0,
            0.0,
            1.0
        ]
    ],
    "rotate_angle": [
        22.2311336121245,
        -91.12714415803585,
        2.4095081855743476
    ],
    "rotate_angle_prox": [
        22.2311336121245,
        -90.37714415803585,
        2.4095081855743476
    ],
    "anchors": [
        [
            -2.290335886155349,
            -13.578144334326797,
            1.2426673279117961
        ],
        [
            -2.2810929479114392,
            -7.401633371270284,
            0.5073229687073639
        ],
        [
            -2.515968273929289,
            -14.205015485755993,
            1.1183703165659062
        ],
        [
            -3.3179554833890403,
            -12.591783779797028,
            1.4547455523094825
        ],
        [
            -3.420696542195863,
            -7.698135649165761,
            0.6852619598772547
        ],
        [
            -4.463646232085045,
            -9.870412509128055,
            0.6761033501363463
        ],
        [
            -3.518059841176452,
            -12.244795304113484,
            0.7796872604179331
        ],
        [
            -3.9452180098274283,
            -10.338945543147455,
            0.01955614814253942
        ],
        [
            -3.753493573565935,
            -11.833343675139488,
            0.5353883594063875
        ],
        [
            -2.2216317655577225,
            -12.812555781021345,
            0.6845928253148129
        ],
        [
            -2.2569411974606,
            -11.305619066867369,
            0.2747396396834324
        ],
        [
            -2.7814673263153065,
            -14.503806091575779,
            0.5583107769457787
        ],
        [
            -5.054861578740682,
            -12.010406558753871,
            1.46887008547364
        ],
        [
            -3.777920233951953,
            -8.56234517104794,
            0.4450554538480008
        ],
        [
            -4.016746258829674,
            -11.352148559210647,
            1.4711792127073673
        ],
        [
            -4.016304736846051,
            -11.886376407760102,
            0.7283630666691112
        ],
        [
            -3.5575112029518223,
            -13.784903339902906,
            0.8220572179582146
        ],
        [
            -2.4019549773579065,
            -11.683835283086108,
            1.334570033786269
        ],
        [
            -2.2802455200911353,
            -12.206076375391014,
            0.21013898831626515
        ],
        [
            -3.0139319792132007,
            -10.778876739836157,
            0.8856276426672594
        ]
    ]
}