{
    "cameraid": "C6b957d8d29bfd9d4",
    "loc": [
        10.759027065346784,
        8.01026386113082,
        3.079410512289306
    ],
    "loc_prox": [
        10.653590281928533,
        8.149948720949524,
        3.079465793232981
    ],
    "angle": -0.2744173397156059,
    "angle_prox": -0.2613735257431901,
    "fov": [
        4.329002164499683,
        52.48762237862005,
        44.42282857493202
    ],
    "fov_prox": [
        4.328417174525977,
        52.48704218481659,
        44.42282857493204
    ],
    "R": [
        [
            -0.2789313991688716,
            -0.9601891239811603,
            -0.015301004737840324
        ],
        [
            -0.4520725265610041,
            0.1453495012143177,
            -0.8800590623506465
        ],
        [
            0.8472471335368718,
            -0.2385589417419537,
            -0.47461766299676766
        ]
    ],
    "R_prox": [
        [
            -0.2663390151343023,
            -0.9637579614567666,
            -0.015301004737840327
        ],
        [
            -0.453936362598321,
            0.1394196022283324,
            -0.8800590623506465
        ],
        [
            0.8502971878868562,
            -0.22744838149169383,
            -0.4746176629967678
        ]
    ],
    "rvec": [
        1.3515479374851642,
        -1.8171823297901142,
        1.0704643754613807
    ],
    "rvec_prox": [
        1.3615934101398457,
        -1.80596614409606,
        1.0636812263614308
    ],
    "tvec": [
        10.739163629304992,
        6.409901190868888,
        -5.743456353739569
    ],
    "tvec_prox": [
        10.739163629304992,
        6.409901190868888,
        -5.743456353739569
    ],
    "dist": [
        -0.36963142,
        0.14456421,
        0.00159254,
        0.00068338,
        -0.02897618
    ],
    "dist_prox": [
        -0.36963142,
        0.14456421,
        0.00159254,
        0.00068338,
        -0.02897618
    ],
    "mtx": [
        [
            865.4,
            0.0,
            653.68
        ],
        [
            0.0,
            863.05,
            357.26
        ],
        [
            0.0,
            0.0,
            1.0
        ]
    ],
    "mtx_prox": [
        [
            865.4,
            0.0,
            653.68
        ],
        [
            0.0,
            863.05,
            357.26
        ],
        [
            0.0,
            0.0,
            1.0
        ]
    ],
    "rotate_angle": [
        28.33445902507537,
        -105.72559990153874,
        -0.9960634590746
    ],
    "rotate_angle_prox": [
        28.33445902507537,
        -104.97559990153874,
        -0.9960634590746
    ],
    "anchors": [
        [
            15.319044161636537,
            5.087081961922289,
            1.2426673279117961
        ],
        [
            15.093411773862597,
            4.460210810493093,
            1.1183703165659062
        ],
        [
            14.291424564402845,
            6.073442516452058,
            1.4547455523094825
        ],
        [
            11.817677023543544,
            6.347908428324203,
            1.0179731602622144
        ],
        [
            13.14573381570684,
            8.79481378712103,
            0.6761033501363463
        ],
        [
            14.091320206615434,
            6.420430992135601,
            0.7796872604179331
        ],
        [
            12.597339254399373,
            8.246395040568611,
            0.6965588542671353
        ],
        [
            12.096111404205704,
            5.800279054482311,
            0.27893988563502586
        ],
        [
            13.664162037964457,
            8.326280753101631,
            0.01955614814253942
        ],
        [
            13.85588647422595,
            6.831882621109597,
            0.5353883594063875
        ],
        [
            15.387748282234163,
            5.852670515227742,
            0.6845928253148129
        ],
        [
            15.352438850331286,
            7.3596072293817185,
            0.2747396396834324
        ],
        [
            13.545648234717353,
            4.850377006818643,
            0.3093155847238302
        ],
        [
            14.82791272147658,
            4.161420204673307,
            0.5583107769457787
        ],
        [
            14.20455883772463,
            4.3689326174179035,
            1.2834890828233907
        ],
        [
            12.554518469051203,
            6.654819737495216,
            1.46887008547364
        ],
        [
            13.592633788962212,
            7.313077737038439,
            1.4711792127073673
        ],
        [
            13.593075310945835,
            6.778849888488985,
            0.7283630666691112
        ],
        [
            14.051868844840063,
            4.8803229563461805,
            0.8220572179582146
        ],
        [
            15.20742507043398,
            6.981391013162979,
            1.334570033786269
        ]
    ]
}