{
    "cameraid": "C9f03f31b2a7afd7e",
    "loc": [
        20.02992668130301,
        0.9011434939027008,
        2.6413871303759175
    ],
    "loc_prox": [
        20.016954497001542,
        1.1610541294386794,
        2.638263520002519
    ],
    "angle": 1.4842528734980958,
    "angle_prox": 1.4973114057335144,
    "fov": [
        6.627996184716829,
        54.801979337088866,
        44.42282857493199
    ],
    "fov_prox": [
        6.632187951906738,
        54.80628327923546,
        44.422828574932005
    ],
    "R": [
        [
            0.9969774101080255,
            -0.07539486714259315,
            0.018752539637195007
        ],
        [
            -0.02230643958213932,
            -0.5089903600644388,
            -0.860483141098442
        ],
        [
            0.07442087400361681,
            0.8574639510615147,
            -0.5091336819957152
        ]
    ],
    "R_prox": [
        [
            0.9978788849536933,
            -0.06233837678933716,
            0.018752539637195007
        ],
        [
            -0.01564205057238856,
            -0.5092387358982519,
            -0.860483141098442
        ],
        [
            0.0631906418503941,
            0.8583646291873992,
            -0.5091336819957152
        ]
    ],
    "rvec": [
        2.1044708888327475,
        -0.0679802489463261,
        0.06512201934622193
    ],
    "rvec_prox": [
        2.104788393132555,
        -0.05441598922726311,
        0.05718126242617755
    ],
    "tvec": [
        -19.951592145075164,
        3.1745412324692976,
        -0.9182631798239322
    ],
    "tvec_prox": [
        -19.951592145075164,
        3.1745412324692976,
        -0.9182631798239322
    ],
    "dist": [
        -0.36963142,
        0.14456421,
        0.00159254,
        0.00068338,
        -0.02897618
    ],
    "dist_prox": [
        -0.36963142,
        0.14456421,
        0.00159254,
        0.00068338,
        -0.02897618
    ],
    "mtx": [
        [
            865.4,
            0.0,
            653.68
        ],
        [
            0.0,
            863.05,
            357.26
        ],
        [
            0.0,
            0.0,
            1.0
        ]
    ],
    "mtx_prox": [
        [
            865.4,
            0.0,
            653.68
        ],
        [
            0.0,
            863.05,
            357.26
        ],
        [
            0.0,
            0.0,
            1.0
        ]
    ],
    "rotate_angle": [
        30.606141949469684,
        -4.96037583466924,
        1.2484513367007024
    ],
    "rotate_angle_prox": [
        30.606141949469684,
        -4.21037583466924,
        1.2484513367007024
    ],
    "anchors": [
        [
            21.920291479114322,
            4.3186207370254905,
            0.6382634961074649
        ],
        [
            20.787532160748146,
            3.43416214098747,
            1.240655905537193
        ],
        [
            21.520717247547367,
            4.276781094513318,
            1.1640479205157148
        ],
        [
            22.702336851690283,
            5.7723862128036405,
            1.2120016189835412
        ],
        [
            23.45958312155225,
            3.857970279855206,
            0.6852619598772547
        ],
        [
            17.74017085736555,
            4.547174960082513,
            0.1029834988777995
        ],
        [
            23.19727127651028,
            4.7194934826946255,
            0.6352745892228875
        ],
        [
            22.125536730936258,
            3.817349494553342,
            0.06646725050609908
        ],
        [
            17.598464673110154,
            4.259882249099309,
            0.6548235561235173
        ],
        [
            21.159467037784218,
            5.659310701772629,
            1.4301400099502612
        ],
        [
            18.78574387796828,
            3.1540167593430097,
            1.1125194668608895
        ],
        [
            19.428907631832995,
            4.4587167155029395,
            1.4682012740929844
        ],
        [
            22.897061754414295,
            5.351727030374912,
            0.7744576053837824
        ],
        [
            17.831811620038458,
            4.9969437911169265,
            1.2992992857527836
        ],
        [
            19.921262411544443,
            4.603643332105843,
            0.5842479433083293
        ],
        [
            18.694829637299495,
            5.347373495169322,
            0.8715744293650078
        ],
        [
            16.732379484759814,
            4.942710139945534,
            0.24987153260582468
        ],
        [
            16.43475751519827,
            5.443859840124228,
            0.7674199006384741
        ],
        [
            22.216387731928762,
            4.282359868020926,
            0.5438894090220816
        ],
        [
            20.117314753549717,
            5.434805274908706,
            0.96483051170588
        ]
    ]
}