{
    "cameraid": "C0e3b602043ced66e",
    "loc": [
        7.759792343894864,
        1.3456531118199955,
        2.828670977040151
    ],
    "loc_prox": [
        7.747386699799879,
        1.4140011348268082,
        2.829335457053817
    ],
    "angle": 2.406198558105738,
    "angle_prox": 2.4149764734806953,
    "fov": [
        -5.5474859153676475,
        42.62887858814093,
        44.42282857493203
    ],
    "fov_prox": [
        -5.5385781734255195,
        42.63779364423323,
        44.422828574932005
    ],
    "R": [
        [
            0.6676764603561952,
            0.7443456121290252,
            0.012560015544930542
        ],
        [
            0.24346687288353244,
            -0.20238337836886264,
            -0.9485593550054312
        ],
        [
            -0.7035140553638825,
            0.6363887002958747,
            -0.3163501162338833
        ]
    ],
    "R_prox": [
        [
            0.6611554788751571,
            0.7501437720616446,
            0.012560015544930542
        ],
        [
            0.24522370814665395,
            -0.20025104992105547,
            -0.9485593550054312
        ],
        [
            -0.7090407362882377,
            0.6302252281864336,
            -0.3163501162338833
        ]
    ],
    "rvec": [
        1.760353024892185,
        0.7952835633513488,
        -0.5563548557118888
    ],
    "rvec_prox": [
        1.7577678647093025,
        0.8034070171612956,
        -0.5621617236737855
    ],
    "tvec": [
        -6.218467805838059,
        1.0671049331046025,
        5.4971341827873275
    ],
    "tvec_prox": [
        -6.218467805838059,
        1.0671049331046025,
        5.4971341827873275
    ],
    "dist": [
        -0.36963142,
        0.14456421,
        0.00159254,
        0.00068338,
        -0.02897618
    ],
    "dist_prox": [
        -0.36963142,
        0.14456421,
        0.00159254,
        0.00068338,
        -0.02897618
    ],
    "mtx": [
        [
            865.4,
            0.0,
            653.68
        ],
        [
            0.0,
            863.05,
            357.26
        ],
        [
            0.0,
            0.0,
            1.0
        ]
    ],
    "mtx_prox": [
        [
            865.4,
            0.0,
            653.68
        ],
        [
            0.0,
            863.05,
            357.26
        ],
        [
            0.0,
            0.0,
            1.0
        ]
    ],
    "rotate_angle": [
        18.442338329811108,
        47.86795955383103,
        0.7586176073482458
    ],
    "rotate_angle_prox": [
        18.442338329811108,
        48.36795955383103,
        0.7586176073482458
    ],
    "anchors": [
        [
            4.252613574715067,
            1.473699276185644,
            0.20387940603075994
        ],
        [
            4.153306282573087,
            5.410940672949264,
            0.33917165051179116
        ],
        [
            5.470036519957402,
            4.991684577999807,
            0.1029834988777995
        ],
        [
            5.328330335702009,
            4.704391867016604,
            0.6548235561235173
        ],
        [
            3.2572431664154724,
            4.383155996964472,
            0.38025561703771604
        ],
        [
            3.8683235293808917,
            4.647222060135569,
            1.3326862200284981
        ],
        [
            6.515609540560131,
            3.5985263772603044,
            1.1125194668608895
        ],
        [
            7.158773294424849,
            4.903226333420234,
            1.4682012740929844
        ],
        [
            5.561677282630312,
            5.441453409034221,
            1.2992992857527836
        ],
        [
            3.9340028114825847,
            3.166256800198184,
            0.030099732513896416
        ],
        [
            5.293239395906867,
            3.0522947578679416,
            0.640695280432916
        ],
        [
            6.424695299891349,
            5.791883113086616,
            0.8715744293650078
        ],
        [
            4.012585990628171,
            1.7077145211857028,
            0.537699629413964
        ],
        [
            4.462245147351668,
            5.3872197578628285,
            0.24987153260582468
        ],
        [
            4.322048458720671,
            1.676488052359253,
            0.15728460359013746
        ],
        [
            4.1646231777901255,
            5.888369458041522,
            0.7674199006384741
        ],
        [
            4.329914582965545,
            2.484536722179916,
            0.7967543180807521
        ],
        [
            3.6128248071604325,
            4.266790227266867,
            0.2146139877033411
        ],
        [
            2.8247228064303993,
            5.6230539468511775,
            1.0491553699999638
        ],
        [
            7.346193289679542,
            4.519832159028551,
            0.969885090575175
        ]
    ]
}