{
    "cameraid": "Cef51ac47b946e535",
    "loc": [
        0.8245858308186351,
        -10.790567608738762,
        3.0839900486558514
    ],
    "loc_prox": [
        0.9186028370847676,
        -10.782544932193462,
        3.0854787868799836
    ],
    "angle": 1.0789636182978026,
    "angle_prox": 1.0876374850091648,
    "fov": [
        -1.0993980510871828,
        47.062690998882076,
        44.42282857493203
    ],
    "fov_prox": [
        -1.0987440896470921,
        47.063681936393415,
        44.42282857493203
    ],
    "R": [
        [
            0.8782116241298895,
            -0.47801888088821215,
            -0.015565755925200443
        ],
        [
            -0.19869977206173975,
            -0.33505847367120206,
            -0.9210071768470304
        ],
        [
            0.43504338154459304,
            0.8119321207684209,
            -0.3892344890149639
        ]
    ],
    "R_prox": [
        [
            0.8823496332551976,
            -0.4703369344809055,
            -0.015565755925200443
        ],
        [
            -0.19576830651874702,
            -0.33677967628561684,
            -0.9210071768470304
        ],
        [
            0.4279414619515156,
            0.8156976263935427,
            -0.3892344890149639
        ]
    ],
    "rvec": [
        1.9196874714885568,
        -0.4993826314578322,
        0.3092301145168983
    ],
    "rvec_prox": [
        1.9214648958498164,
        -0.49068992532064715,
        0.30377873035562447
    ],
    "tvec": [
        -5.833930196010466,
        -0.6097605632940954,
        9.603162825594804
    ],
    "tvec_prox": [
        -5.833930196010466,
        -0.6097605632940954,
        9.603162825594804
    ],
    "dist": [
        -0.36963142,
        0.14456421,
        0.00159254,
        0.00068338,
        -0.02897618
    ],
    "dist_prox": [
        -0.36963142,
        0.14456421,
        0.00159254,
        0.00068338,
        -0.02897618
    ],
    "mtx": [
        [
            865.4,
            0.0,
            653.68
        ],
        [
            0.0,
            863.05,
            357.26
        ],
        [
            0.0,
            0.0,
            1.0
        ]
    ],
    "mtx_prox": [
        [
            865.4,
            0.0,
            653.68
        ],
        [
            0.0,
            863.05,
            357.26
        ],
        [
            0.0,
            0.0,
            1.0
        ]
    ],
    "rotate_angle": [
        22.906875457965533,
        -28.18296246875155,
        -0.9682521929285248
    ],
    "rotate_angle_prox": [
        22.906875457965533,
        -27.68296246875155,
        -0.9682521929285248
    ],
    "anchors": [
        [
            2.7149506286299463,
            -7.3730903656159725,
            0.6382634961074649
        ],
        [
            5.393845865352298,
            -7.53723854489078,
            0.5073229687073639
        ],
        [
            1.582191310263771,
            -8.257548961653992,
            1.240655905537193
        ],
        [
            2.31537639706299,
            -7.414930008128145,
            1.1640479205157148
        ],
        [
            3.4969960012059067,
            -5.919324889837823,
            1.2120016189835412
        ],
        [
            4.2542422710678744,
            -7.833740822786257,
            0.6852619598772547
        ],
        [
            3.211292581178692,
            -10.006017682748553,
            0.6761033501363463
        ],
        [
            3.9919304260259034,
            -6.9722176199468375,
            0.6352745892228875
        ],
        [
            2.9201958804518835,
            -7.874361608088121,
            0.06646725050609908
        ],
        [
            1.9541261872998419,
            -6.032400400868834,
            1.4301400099502612
        ],
        [
            0.2235667813486204,
            -7.232994387138524,
            1.4682012740929844
        ],
        [
            3.691720903929922,
            -6.339984072266551,
            0.7744576053837824
        ],
        [
            0.7159215610600684,
            -7.08806777053562,
            0.5842479433083293
        ],
        [
            3.8970185793117844,
            -8.697950344668437,
            0.4450554538480008
        ],
        [
            3.011046881444388,
            -7.409351234620537,
            0.5438894090220816
        ],
        [
            0.9119739030653422,
            -6.256905827732757,
            0.96483051170588
        ],
        [
            5.680441421958144,
            -8.30523455094654,
            0.9723877066682141
        ],
        [
            2.9383724264923723,
            -8.317663154850745,
            1.264899134799001
        ],
        [
            2.5856310189800613,
            -8.928911765716744,
            0.8489041138559663
        ],
        [
            0.4109867766033135,
            -7.616388561530206,
            0.969885090575175
        ]
    ]
}