{
    "cameraid": "C236f956c4eeddc52",
    "loc": [
        1.304440688256272,
        -18.58982782521667,
        3.1091460035183425
    ],
    "loc_prox": [
        1.383106610706064,
        -18.60158334873741,
        3.0030261362446895
    ],
    "angle": -0.14420441787593602,
    "angle_prox": -0.14420337176158515,
    "fov": [
        0.0020276286541001647,
        48.13906220444554,
        44.42282857493203
    ],
    "fov_prox": [
        1.5024260782735226,
        49.64049316046034,
        44.422828574932005
    ],
    "R": [
        [
            -0.12484836804199782,
            -0.9912622908376503,
            0.04256707366666708
        ],
        [
            -0.407776174889642,
            0.01215259310345658,
            -0.9130010436320617
        ],
        [
            0.9045062057220071,
            -0.13134452879414285,
            -0.40573037668656586
        ]
    ],
    "R_prox": [
        [
            -0.12375206532186904,
            -0.9914214863890796,
            0.04205784890647771
        ],
        [
            -0.4312902537631972,
            0.015567103241847728,
            -0.9020789224372414
        ],
        [
            0.8936857072469319,
            -0.12977327006254372,
            -0.4295168856282897
        ]
    ],
    "rvec": [
        1.4610011099372793,
        -1.6109385735002932,
        1.0906186543080658
    ],
    "rvec_prox": [
        1.4782581447429,
        -1.6300875359525908,
        1.0721384133446208
    ],
    "tvec": [
        -18.397147932660772,
        3.5950597505990904,
        -2.360200475593195
    ],
    "tvec_prox": [
        -18.397147932660772,
        3.5950597505990904,
        -2.360200475593195
    ],
    "dist": [
        -0.36963142,
        0.14456421,
        0.00159254,
        0.00068338,
        -0.02897618
    ],
    "dist_prox": [
        -0.36963142,
        0.14456421,
        0.00159254,
        0.00068338,
        -0.02897618
    ],
    "mtx": [
        [
            865.4,
            0.0,
            653.68
        ],
        [
            0.0,
            863.05,
            357.26
        ],
        [
            0.0,
            0.0,
            1.0
        ]
    ],
    "mtx_prox": [
        [
            865.4,
            0.0,
            653.68
        ],
        [
            0.0,
            863.05,
            357.26
        ],
        [
            0.0,
            0.0,
            1.0
        ]
    ],
    "rotate_angle": [
        23.936904400545636,
        -98.26224459349486,
        2.6693822618245076
    ],
    "rotate_angle_prox": [
        25.436904400545636,
        -98.26224459349486,
        2.6693822618245076
    ],
    "anchors": [
        [
            5.864457784546025,
            -21.513009724425203,
            1.2426673279117961
        ],
        [
            5.873700722789935,
            -15.336498761368688,
            0.5073229687073639
        ],
        [
            5.638825396772085,
            -22.139880875854395,
            1.1183703165659062
        ],
        [
            4.836838187312334,
            -20.526649169895432,
            1.4547455523094825
        ],
        [
            3.691147438616329,
            -17.80527789922646,
            0.6761033501363463
        ],
        [
            4.636733829524922,
            -20.17966069421189,
            0.7796872604179331
        ],
        [
            4.209575660873946,
            -18.27381093324586,
            0.01955614814253942
        ],
        [
            4.401300097135439,
            -19.768209065237894,
            0.5353883594063875
        ],
        [
            5.933161905143652,
            -20.747421171119747,
            0.6845928253148129
        ],
        [
            5.897852473240774,
            -19.24048445696577,
            0.2747396396834324
        ],
        [
            4.091061857626841,
            -21.749714679528847,
            0.3093155847238302
        ],
        [
            5.373326344386068,
            -22.43867148167418,
            0.5583107769457787
        ],
        [
            4.749972460634118,
            -22.231159068929585,
            1.2834890828233907
        ],
        [
            3.0999320919606923,
            -19.945271948852273,
            1.46887008547364
        ],
        [
            4.376873436749421,
            -16.497210561146346,
            0.4450554538480008
        ],
        [
            4.1380474118717006,
            -19.28701394930905,
            1.4711792127073673
        ],
        [
            4.1384889338553235,
            -19.821241797858505,
            0.7283630666691112
        ],
        [
            4.597282467749552,
            -21.71976873000131,
            0.8220572179582146
        ],
        [
            5.752838693343468,
            -19.61870067318451,
            1.334570033786269
        ],
        [
            3.8021923809501823,
            -21.151042723547103,
            0.9136475505223347
        ]
    ]
}