{
    "cameraid": "C55df5f7a1c8a4c17",
    "loc": [
        19.595368229742313,
        0.9154426823982238,
        2.9924167307492446
    ],
    "loc_prox": [
        19.53990410133394,
        0.9772859066145001,
        3.3178470763168617
    ],
    "angle": 2.300610512503158,
    "angle_prox": 2.300586030644072,
    "fov": [
        6.1274743865111825,
        54.28123248917467,
        44.42282857493202
    ],
    "fov_prox": [
        7.63430643267458,
        55.78874403059481,
        44.42282857493205
    ],
    "R": [
        [
            0.7315236836358124,
            0.6809578176237613,
            0.034198697299401414
        ],
        [
            0.3633983686783146,
            -0.34696098433968203,
            -0.8646153485729817
        ],
        [
            -0.5769009671701302,
            0.6449143555256955,
            -0.5012691374052918
        ]
    ],
    "R_prox": [
        [
            0.7309313568072152,
            0.6816199764632571,
            0.033668372728606406
        ],
        [
            0.3783736428208681,
            -0.3637017593115801,
            -0.8512076225528806
        ],
        [
            -0.5679548732552874,
            0.6349135673143945,
            -0.5237480539206615
        ]
    ],
    "rvec": [
        1.9679505728080067,
        0.7966469672814589,
        -0.4141030120438795
    ],
    "rvec_prox": [
        1.9922252226844963,
        0.8065082534147003,
        -0.4065179870175461
    ],
    "tvec": [
        -15.060172725357287,
        -4.213767369780338,
        12.215007625466209
    ],
    "tvec_prox": [
        -15.060172725357287,
        -4.213767369780338,
        12.215007625466209
    ],
    "dist": [
        -0.36963142,
        0.14456421,
        0.00159254,
        0.00068338,
        -0.02897618
    ],
    "dist_prox": [
        -0.36963142,
        0.14456421,
        0.00159254,
        0.00068338,
        -0.02897618
    ],
    "mtx": [
        [
            865.4,
            0.0,
            653.68
        ],
        [
            0.0,
            863.05,
            357.26
        ],
        [
            0.0,
            0.0,
            1.0
        ]
    ],
    "mtx_prox": [
        [
            865.4,
            0.0,
            653.68
        ],
        [
            0.0,
            863.05,
            357.26
        ],
        [
            0.0,
            0.0,
            1.0
        ]
    ],
    "rotate_angle": [
        30.084001036286526,
        41.81386996265993,
        2.265076763250864
    ],
    "rotate_angle_prox": [
        31.58400103628653,
        41.81386996265993,
        2.265076763250864
    ],
    "anchors": [
        [
            15.988882168420536,
            4.980730243527493,
            0.33917165051179116
        ],
        [
            17.30561240580485,
            4.561474148578036,
            0.1029834988777995
        ],
        [
            17.58870273337979,
            2.401115468299988,
            0.09707386176443217
        ],
        [
            17.163906221549457,
            4.274181437594832,
            0.6548235561235173
        ],
        [
            15.092819052262922,
            3.9529455675427005,
            0.38025561703771604
        ],
        [
            15.70389941522834,
            4.217011630713797,
            1.3326862200284981
        ],
        [
            18.351185426407582,
            3.1683159478385328,
            1.1125194668608895
        ],
        [
            18.994349180272298,
            4.473015903998462,
            1.4682012740929844
        ],
        [
            17.39725316847776,
            5.011242979612449,
            1.2992992857527836
        ],
        [
            19.486703959983746,
            4.617942520601366,
            0.5842479433083293
        ],
        [
            15.769578697330033,
            2.736046370776412,
            0.030099732513896416
        ],
        [
            17.128815281754317,
            2.62208432844617,
            0.640695280432916
        ],
        [
            18.260271185738798,
            5.361672683664844,
            0.8715744293650078
        ],
        [
            15.84816187647562,
            1.277504091763931,
            0.537699629413964
        ],
        [
            16.297821033199117,
            4.957009328441057,
            0.24987153260582468
        ],
        [
            16.15762434456812,
            1.2462776229374812,
            0.15728460359013746
        ],
        [
            16.000199063637574,
            5.45815902861975,
            0.7674199006384741
        ],
        [
            19.68275630198902,
            5.449104463404229,
            0.96483051170588
        ],
        [
            16.165490468812994,
            2.0543262927581445,
            0.7967543180807521
        ],
        [
            15.448400693007882,
            3.8365797978450953,
            0.2146139877033411
        ]
    ]
}