{
    "cameraid": "C7b0a2e82f162cb6a",
    "loc": [
        14.958630339705964,
        -10.023219066065225,
        2.9573450067547133
    ],
    "loc_prox": [
        14.916267559252262,
        -9.951716599844724,
        3.3822670492519924
    ],
    "angle": 2.1142973965430656,
    "angle_prox": 2.114407647853749,
    "fov": [
        3.9864359715809656,
        52.14540824655845,
        44.42282857493206
    ],
    "fov_prox": [
        5.487271633374807,
        53.644923382590115,
        44.42282857493203
    ],
    "R": [
        [
            0.8599660914849077,
            0.5101169185563733,
            -0.015461270928409085
        ],
        [
            0.22774929053506693,
            -0.41070369011453134,
            -0.8828662070705168
        ],
        [
            -0.45671499007252325,
            0.755713707913822,
            -0.4693700134373708
        ]
    ],
    "R_prox": [
        [
            0.8601739727627693,
            0.5097729431346913,
            -0.01524083427208733
        ],
        [
            0.23961968308924098,
            -0.43034530154945055,
            -0.8702788799635
        ],
        [
            -0.45020344740764284,
            0.7449392377114439,
            -0.4923234587749873
        ]
    ],
    "rvec": [
        2.0059526646266055,
        0.5402934495058483,
        -0.34549296732611207
    ],
    "rvec_prox": [
        2.03124969791409,
        0.5469958929183611,
        -0.33973661009185213
    ],
    "tvec": [
        -7.705920693327634,
        -4.913390207156725,
        15.793948667627221
    ],
    "tvec_prox": [
        -7.705920693327634,
        -4.913390207156725,
        15.793948667627221
    ],
    "dist": [
        -0.36963142,
        0.14456421,
        0.00159254,
        0.00068338,
        -0.02897618
    ],
    "dist_prox": [
        -0.36963142,
        0.14456421,
        0.00159254,
        0.00068338,
        -0.02897618
    ],
    "mtx": [
        [
            865.4,
            0.0,
            653.68
        ],
        [
            0.0,
            863.05,
            357.26
        ],
        [
            0.0,
            0.0,
            1.0
        ]
    ],
    "mtx_prox": [
        [
            865.4,
            0.0,
            653.68
        ],
        [
            0.0,
            863.05,
            357.26
        ],
        [
            0.0,
            0.0,
            1.0
        ]
    ],
    "rotate_angle": [
        27.993410513546902,
        31.146634392203378,
        -1.0032947432265467
    ],
    "rotate_angle_prox": [
        29.493410513546902,
        31.146634392203378,
        -1.0032947432265467
    ],
    "anchors": [
        [
            11.352144278384188,
            -5.9579315049359565,
            0.33917165051179116
        ],
        [
            12.668874515768502,
            -6.3771875998854135,
            0.1029834988777995
        ],
        [
            12.951964843343442,
            -8.537546280163461,
            0.09707386176443217
        ],
        [
            12.52716833151311,
            -6.664480310868617,
            0.6548235561235173
        ],
        [
            10.456081162226573,
            -6.985716180920749,
            0.38025561703771604
        ],
        [
            11.067161525191992,
            -6.721650117749652,
            1.3326862200284981
        ],
        [
            13.714447536371232,
            -7.770345800624916,
            1.1125194668608895
        ],
        [
            14.35761129023595,
            -6.465645844464987,
            1.4682012740929844
        ],
        [
            12.760515278441412,
            -5.927418768851,
            1.2992992857527836
        ],
        [
            14.849966069947397,
            -6.320719227862083,
            0.5842479433083293
        ],
        [
            11.132840807293686,
            -8.202615377687037,
            0.030099732513896416
        ],
        [
            12.492077391717967,
            -8.316577420017278,
            0.640695280432916
        ],
        [
            13.62353329570245,
            -5.576989064798605,
            0.8715744293650078
        ],
        [
            11.661083143162768,
            -5.981652420022392,
            0.24987153260582468
        ],
        [
            11.363461173601227,
            -5.480502719843699,
            0.7674199006384741
        ],
        [
            15.046018411952671,
            -5.48955728505922,
            0.96483051170588
        ],
        [
            11.528752578776645,
            -8.884335455705305,
            0.7967543180807521
        ],
        [
            10.811662802971533,
            -7.102081950618354,
            0.2146139877033411
        ],
        [
            10.0235608022415,
            -5.745818231034043,
            1.0491553699999638
        ],
        [
            14.545031285490643,
            -6.84904001885667,
            0.969885090575175
        ]
    ]
}