{
    "cameraid": "Cbb26f32b89238d17",
    "loc": [
        -1.507682887042959,
        -12.94408834676036,
        2.966703174347402
    ],
    "loc_prox": [
        -1.3444309281797284,
        -13.038242827857605,
        2.611625544077116
    ],
    "angle": -1.589748029107335,
    "angle_prox": -1.5707963267949019,
    "fov": [
        5.229195622920441,
        53.37749540418889,
        44.42282857493201
    ],
    "fov_prox": [
        6.732515502223766,
        54.89575244479896,
        44.42282857493202
    ],
    "R": [
        [
            -0.9994508017273805,
            -0.016162112032169378,
            0.028928896646017003
        ],
        [
            -0.03313751539413189,
            0.48746068122596203,
            -0.8725158963206485
        ],
        [
            1.0691109535231796e-16,
            -0.8729953438554988,
            -0.4877285408981305
        ]
    ],
    "R_prox": [
        [
            -0.9994508017273805,
            -0.016913843912140302,
            0.028495908664439577
        ],
        [
            -0.03313751539413189,
            0.5101334441408913,
            -0.8594566738599775
        ],
        [
            1.0531092304186777e-16,
            -0.8599289453513399,
            -0.5104137624975762
        ]
    ],
    "rvec": [
        -0.0314339619414927,
        2.6826563056350285,
        -1.5741212794593153
    ],
    "rvec_prox": [
        -0.04500639820223011,
        2.7155952369408665,
        -1.5460789659664056
    ],
    "tvec": [
        -1.6386400160848393,
        8.851271622221672,
        -9.878952784007087
    ],
    "tvec_prox": [
        -1.6386400160848393,
        8.851271622221672,
        -9.878952784007087
    ],
    "dist": [
        -0.36963142,
        0.14456421,
        0.00159254,
        0.00068338,
        -0.02897618
    ],
    "dist_prox": [
        -0.36963142,
        0.14456421,
        0.00159254,
        0.00068338,
        -0.02897618
    ],
    "mtx": [
        [
            865.4,
            0.0,
            653.68
        ],
        [
            0.0,
            863.05,
            357.26
        ],
        [
            0.0,
            0.0,
            1.0
        ]
    ],
    "mtx_prox": [
        [
            865.4,
            0.0,
            653.68
        ],
        [
            0.0,
            863.05,
            357.26
        ],
        [
            0.0,
            0.0,
            1.0
        ]
    ],
    "rotate_angle": [
        29.191394184285397,
        -180.0,
        1.8989874285686055
    ],
    "rotate_angle_prox": [
        30.6913941842854,
        -180.0,
        1.8989874285686055
    ],
    "anchors": [
        [
            -0.44903292884619894,
            -14.606443779566977,
            1.0179731602622144
        ],
        [
            -0.5040046826837683,
            -15.324257787055021,
            0.2241223508714824
        ],
        [
            -3.112527134698772,
            -16.45840096403712,
            0.685529080038552
        ],
        [
            -0.16943231342197063,
            -16.79764475696885,
            0.34963571134715754
        ],
        [
            -1.0156183937881291,
            -16.015316520449673,
            0.4998253295354728
        ],
        [
            -0.17059854818403775,
            -15.15407315340887,
            0.27893988563502586
        ],
        [
            -0.24845539444153175,
            -15.445465363970076,
            0.6408843624295846
        ],
        [
            -3.7821773554705347,
            -17.79860234295496,
            0.2912942754966707
        ],
        [
            1.2789382823276103,
            -16.103975201072537,
            0.3093155847238302
        ],
        [
            -2.543527005450656,
            -14.963382583354813,
            1.4460118264812294
        ],
        [
            -0.9937774718749903,
            -14.796282218971648,
            1.003789253544526
        ],
        [
            -2.853742888992665,
            -16.861777446365938,
            0.21295321192461314
        ],
        [
            -0.20429529094364263,
            -16.451657314403047,
            1.0413734759311315
        ],
        [
            -3.872696033144641,
            -17.64851260084506,
            0.4960366269665379
        ],
        [
            -2.827596624784564,
            -16.994305977440728,
            1.1175099042557748
        ],
        [
            0.8495751334270345,
            -17.076714482122924,
            0.3391241906210316
        ],
        [
            -3.733668596900565,
            -17.505238463980962,
            0.1984361797879104
        ],
        [
            -1.550401461186409,
            -17.13716528200585,
            0.7588344944445854
        ],
        [
            -2.8528979988780634,
            -17.60317006656788,
            1.1833333941455213
        ],
        [
            0.5645102472021657,
            -17.55560986611312,
            0.8530047332194424
        ]
    ]
}