{
    "cameraid": "Cd49f9de790ba8f14",
    "loc": [
        -8.32567375933266,
        -12.76474173736807,
        3.2801664349202078
    ],
    "loc_prox": [
        -8.321272121013502,
        -12.843337834170882,
        2.9698603628322706
    ],
    "angle": -1.4628858993255083,
    "angle_prox": -1.4632122533307987,
    "fov": [
        5.085075232669946,
        53.24625256050107,
        44.42282857493203
    ],
    "fov_prox": [
        6.585580167118532,
        54.747446701526655,
        44.42282857493203
    ],
    "R": [
        [
            -0.991859089725136,
            -0.1237926683670614,
            0.029848306286746645
        ],
        [
            -0.08604118422894919,
            0.4787107186952017,
            -0.8737465092478501
        ],
        [
            0.09387470770183366,
            -0.8692016009332278,
            -0.4854648454718519
        ]
    ],
    "R_prox": [
        [
            -0.9917758021694385,
            -0.12456384175894039,
            0.0294042098588024
        ],
        [
            -0.08847925258550371,
            0.501285200902196,
            -0.860746518563018
        ],
        [
            0.09247799788640251,
            -0.8562692314235627,
            -0.5081838478584535
        ]
    ],
    "rvec": [
        -0.1945028603571322,
        2.7332631649823145,
        -1.6116466379710426
    ],
    "rvec_prox": [
        0.19096151754247892,
        -2.690170610850872,
        1.5390498071327026
    ],
    "tvec": [
        -9.939978231880703,
        8.258212216555423,
        -8.71858536377299
    ],
    "tvec_prox": [
        -9.939978231880703,
        8.258212216555423,
        -8.71858536377299
    ],
    "dist": [
        -0.36963142,
        0.14456421,
        0.00159254,
        0.00068338,
        -0.02897618
    ],
    "dist_prox": [
        -0.36963142,
        0.14456421,
        0.00159254,
        0.00068338,
        -0.02897618
    ],
    "mtx": [
        [
            865.4,
            0.0,
            653.68
        ],
        [
            0.0,
            863.05,
            357.26
        ],
        [
            0.0,
            0.0,
            1.0
        ]
    ],
    "mtx_prox": [
        [
            865.4,
            0.0,
            653.68
        ],
        [
            0.0,
            863.05,
            357.26
        ],
        [
            0.0,
            0.0,
            1.0
        ]
    ],
    "rotate_angle": [
        29.042932306839194,
        -173.83588664768186,
        1.956536782725591
    ],
    "rotate_angle_prox": [
        30.542932306839198,
        -173.83588664768186,
        1.956536782725591
    ],
    "anchors": [
        [
            -7.267023801135901,
            -14.427097170174687,
            1.0179731602622144
        ],
        [
            -7.32199555497347,
            -15.144911177662731,
            0.2241223508714824
        ],
        [
            -9.930518006988475,
            -16.27905435464483,
            0.685529080038552
        ],
        [
            -6.987423185711672,
            -16.61829814757656,
            0.34963571134715754
        ],
        [
            -7.833609266077831,
            -15.835969911057383,
            0.4998253295354728
        ],
        [
            -6.9885894204737395,
            -14.97472654401658,
            0.27893988563502586
        ],
        [
            -7.0664462667312335,
            -15.266118754577786,
            0.6408843624295846
        ],
        [
            -10.600168227760236,
            -17.61925573356267,
            0.2912942754966707
        ],
        [
            -5.5390525899620915,
            -15.924628591680246,
            0.3093155847238302
        ],
        [
            -4.256788103202865,
            -16.61358539382558,
            0.5583107769457787
        ],
        [
            -4.880141986954815,
            -16.406072981080985,
            1.2834890828233907
        ],
        [
            -9.361517877740358,
            -14.784035973962522,
            1.4460118264812294
        ],
        [
            -7.811768344164692,
            -14.616935609579357,
            1.003789253544526
        ],
        [
            -9.671733761282367,
            -16.682430836973648,
            0.21295321192461314
        ],
        [
            -5.032831979839381,
            -15.89468264215271,
            0.8220572179582146
        ],
        [
            -7.022286163233344,
            -16.272310705010756,
            1.0413734759311315
        ],
        [
            -10.690686905434344,
            -17.46916599145277,
            0.4960366269665379
        ],
        [
            -9.645587497074265,
            -16.814959368048438,
            1.1175099042557748
        ],
        [
            -5.827922066638751,
            -15.325956635698503,
            0.9136475505223347
        ],
        [
            -5.968415738862667,
            -16.897367872730634,
            0.3391241906210316
        ]
    ]
}