{
    "cameraid": "C003a3f8246d78c8a",
    "loc": [
        12.893238346109289,
        -12.28514864476886,
        2.919534741225965
    ],
    "loc_prox": [
        12.891815913016307,
        -12.309826349116207,
        2.8201796216514934
    ],
    "angle": -1.6462786772845437,
    "angle_prox": -1.6462315053102319,
    "fov": [
        3.4540776083170006,
        51.52458905707577,
        44.42282857493201
    ],
    "fov_prox": [
        3.958981456065396,
        52.02852380601704,
        44.42282857493198
    ],
    "R": [
        [
            -0.9938172441651607,
            0.10012511569574895,
            -0.0479817299279478
        ],
        [
            0.08863355346686415,
            0.4551785969700207,
            -0.8859777300024195
        ],
        [
            -0.06686836621155154,
            -0.8847527372477106,
            -0.46123878363910537
        ]
    ],
    "R_prox": [
        [
            -0.9937857599031952,
            0.10054169215084052,
            -0.04776223982472626
        ],
        [
            0.08921490714020766,
            0.4628706385577066,
            -0.8819248677212504
        ],
        [
            -0.06656248010398334,
            -0.880705478636659,
            -0.4689640670049042
        ]
    ],
    "rvec": [
        0.17323659173471284,
        2.670184343356153,
        -1.624830314725946
    ],
    "rvec_prox": [
        0.17365696278725304,
        2.677400239038827,
        -1.61308240982802
    ],
    "tvec": [
        14.18405194031021,
        7.0349015629767,
        -8.660657361464235
    ],
    "tvec_prox": [
        14.18405194031021,
        7.0349015629767,
        -8.660657361464235
    ],
    "dist": [
        -0.36963142,
        0.14456421,
        0.00159254,
        0.00068338,
        -0.02897618
    ],
    "dist_prox": [
        -0.36963142,
        0.14456421,
        0.00159254,
        0.00068338,
        -0.02897618
    ],
    "mtx": [
        [
            865.4,
            0.0,
            653.68
        ],
        [
            0.0,
            863.05,
            357.26
        ],
        [
            0.0,
            0.0,
            1.0
        ]
    ],
    "mtx_prox": [
        [
            865.4,
            0.0,
            653.68
        ],
        [
            0.0,
            863.05,
            357.26
        ],
        [
            0.0,
            0.0,
            1.0
        ]
    ],
    "rotate_angle": [
        27.46707287459348,
        175.67788264425494,
        -3.0999285071218883
    ],
    "rotate_angle_prox": [
        27.96707287459348,
        175.67788264425494,
        -3.0999285071218883
    ],
    "anchors": [
        [
            13.951888304306049,
            -13.947504077575477,
            1.0179731602622144
        ],
        [
            13.896916550468479,
            -14.665318085063522,
            0.2241223508714824
        ],
        [
            11.288394098453477,
            -15.799461262045622,
            0.685529080038552
        ],
        [
            14.231488919730278,
            -16.13870505497735,
            0.34963571134715754
        ],
        [
            13.385302839364119,
            -15.356376818458173,
            0.4998253295354728
        ],
        [
            14.230322684968211,
            -14.49513345141737,
            0.27893988563502586
        ],
        [
            14.152465838710716,
            -14.786525661978576,
            0.6408843624295846
        ],
        [
            10.618743877681712,
            -17.13966264096346,
            0.2912942754966707
        ],
        [
            11.857394227701592,
            -14.304442881363313,
            1.4460118264812294
        ],
        [
            8.664608102139688,
            -16.265948714686793,
            1.461158268610197
        ],
        [
            13.407143761277258,
            -14.137342516980148,
            1.003789253544526
        ],
        [
            11.547178344159583,
            -16.20283774437444,
            0.21295321192461314
        ],
        [
            14.196625942208605,
            -15.792717612411547,
            1.0413734759311315
        ],
        [
            10.528225200007608,
            -16.98957289885356,
            0.4960366269665379
        ],
        [
            11.573324608367685,
            -16.33536627544923,
            1.1175099042557748
        ],
        [
            15.250496366579283,
            -16.417774780131424,
            0.3391241906210316
        ],
        [
            10.667252636251682,
            -16.846298761989463,
            0.1984361797879104
        ],
        [
            12.850519771965839,
            -16.47822558001435,
            0.7588344944445854
        ],
        [
            11.548023234274185,
            -16.94423036457638,
            1.1833333941455213
        ],
        [
            14.965431480354415,
            -16.89667016412162,
            0.8530047332194424
        ]
    ]
}