{
    "cameraid": "C731db75b066ad72a",
    "loc": [
        14.54235204697452,
        -2.8794733419002148,
        2.9838372496422876
    ],
    "loc_prox": [
        14.525032488392899,
        -2.8995121706320353,
        3.0481002117217764
    ],
    "angle": -2.283386929830568,
    "angle_prox": -2.283380655384526,
    "fov": [
        5.621234625923849,
        53.76964125158579,
        44.42282857493203
    ],
    "fov_prox": [
        6.120598588877459,
        54.26934964216,
        44.42282857493202
    ],
    "R": [
        [
            -0.7696691832650032,
            0.6373773446956665,
            0.036870975046563954
        ],
        [
            0.29022098883271397,
            0.40072902531150084,
            -0.8690155498688479
        ],
        [
            -0.5686660935673451,
            -0.6581537576749038,
            -0.4934090648592296
        ]
    ],
    "R_prox": [
        [
            -0.7698790238182127,
            0.6371344827593393,
            0.03668704899150379
        ],
        [
            0.2951667409724888,
            0.40645306159947764,
            -0.8646805790233125
        ],
        [
            -0.565829376851711,
            -0.6548706434063146,
            -0.5009805951293963
        ]
    ],
    "rvec": [
        0.8005546200481107,
        2.2991015038965927,
        -1.3180541348481722
    ],
    "rvec_prox": [
        0.8032319277748842,
        2.306661163699771,
        -1.3091820826526308
    ],
    "tvec": [
        12.918071218383352,
        -0.4731578472274481,
        7.8469237389943824
    ],
    "tvec_prox": [
        12.918071218383352,
        -0.4731578472274481,
        7.8469237389943824
    ],
    "dist": [
        -0.36963142,
        0.14456421,
        0.00159254,
        0.00068338,
        -0.02897618
    ],
    "dist_prox": [
        -0.36963142,
        0.14456421,
        0.00159254,
        0.00068338,
        -0.02897618
    ],
    "mtx": [
        [
            865.4,
            0.0,
            653.68
        ],
        [
            0.0,
            863.05,
            357.26
        ],
        [
            0.0,
            0.0,
            1.0
        ]
    ],
    "mtx_prox": [
        [
            865.4,
            0.0,
            653.68
        ],
        [
            0.0,
            863.05,
            357.26
        ],
        [
            0.0,
            0.0,
            1.0
        ]
    ],
    "rotate_angle": [
        29.564896884885382,
        139.17192542465082,
        2.429513455947099
    ],
    "rotate_angle_prox": [
        30.064896884885382,
        139.17192542465082,
        2.429513455947099
    ],
    "anchors": [
        [
            11.08660275158346,
            -5.381718147937383,
            1.3048413690841647
        ],
        [
            10.910243541826414,
            -5.390263965985251,
            0.5742369998556109
        ],
        [
            12.937507799318706,
            -6.393785959176977,
            0.685529080038552
        ],
        [
            12.317597641501076,
            -3.3038840179569364,
            1.0122684325194202
        ],
        [
            9.741102583927546,
            -3.975293036710852,
            1.3429530428155836
        ],
        [
            11.85788932899553,
            -3.435952046447606,
            0.2161095084428834
        ],
        [
            11.362627034507547,
            -5.542570433215749,
            0.8153813301143409
        ],
        [
            9.804368326368433,
            -6.938038793190082,
            0.7106294636507637
        ],
        [
            12.267857578546945,
            -7.733987338094816,
            0.2912942754966707
        ],
        [
            13.506507928566823,
            -4.8987675784946685,
            1.4460118264812294
        ],
        [
            10.313721803004919,
            -6.860273411818147,
            1.461158268610197
        ],
        [
            13.196292045024814,
            -6.797162441505794,
            0.21295321192461314
        ],
        [
            10.617006282841825,
            -4.368273948561546,
            0.31668477410220486
        ],
        [
            11.726427088478754,
            -4.583656089604128,
            0.7767899414952031
        ],
        [
            12.177338900872837,
            -7.583897595984912,
            0.4960366269665379
        ],
        [
            10.266969945856724,
            -5.23053233723304,
            1.3963380687756755
        ],
        [
            13.222438309232915,
            -6.929690972580584,
            1.1175099042557748
        ],
        [
            12.316366337116914,
            -7.440623459120817,
            0.1984361797879104
        ],
        [
            14.49963347283107,
            -7.072550277145703,
            0.7588344944445854
        ],
        [
            13.197136935139415,
            -7.538555061707735,
            1.1833333941455213
        ]
    ]
}