{
    "cameraid": "C8314228e0241282f",
    "loc": [
        -19.960450947954484,
        -3.473883076169068,
        1.585840493703107
    ],
    "loc_prox": [
        -19.971649445429836,
        -3.467863776962986,
        1.4524100651501932
    ],
    "angle": 2.627067628792102,
    "angle_prox": 2.6270550355848328,
    "fov": [
        14.149315524311156,
        62.323542865257814,
        44.42282857493199
    ],
    "fov_prox": [
        14.635483001730204,
        62.80956351843913,
        44.422828574931984
    ],
    "R": [
        [
            0.4908939450193924,
            0.871217456732866,
            0.0018104770682814395
        ],
        [
            0.5386376673258587,
            -0.3018647496516457,
            -0.7866048158100145
        ],
        [
            -0.6847573278768584,
            0.38711473234903654,
            -0.6174541164469457
        ]
    ],
    "R_prox": [
        [
            0.49088023860710406,
            0.8712252053963827,
            0.0017980064135681036
        ],
        [
            0.5445927440856618,
            -0.30523134078129005,
            -0.7811866433152226
        ],
        [
            -0.6800406858668687,
            0.3844482671139078,
            -0.6242949587164964
        ]
    ],
    "rvec": [
        1.98426141120589,
        1.1606543065457497,
        -0.5621009554460129
    ],
    "rvec_prox": [
        1.9914173179165648,
        1.1648805021916853,
        -0.5580319654362561
    ],
    "tvec": [
        12.82236693390902,
        10.952518008626162,
        -11.341587685459903
    ],
    "tvec_prox": [
        12.82236693390902,
        10.952518008626162,
        -11.341587685459903
    ],
    "dist": [
        -0.36963142,
        0.14456421,
        0.00159254,
        0.00068338,
        -0.02897618
    ],
    "dist_prox": [
        -0.36963142,
        0.14456421,
        0.00159254,
        0.00068338,
        -0.02897618
    ],
    "mtx": [
        [
            865.4,
            0.0,
            653.68
        ],
        [
            0.0,
            863.05,
            357.26
        ],
        [
            0.0,
            0.0,
            1.0
        ]
    ],
    "mtx_prox": [
        [
            865.4,
            0.0,
            653.68
        ],
        [
            0.0,
            863.05,
            357.26
        ],
        [
            0.0,
            0.0,
            1.0
        ]
    ],
    "rotate_angle": [
        38.13045798878883,
        60.51916608760128,
        0.131873730821315
    ],
    "rotate_angle_prox": [
        38.63045798878883,
        60.51916608760128,
        0.131873730821315
    ],
    "anchors": [
        [
            -23.467629717134283,
            -3.3458369118034197,
            0.20387940603075994
        ],
        [
            -20.581807371066482,
            -2.731707177138869,
            0.559903835280436
        ],
        [
            -22.250206771891946,
            0.17214839001074367,
            0.1029834988777995
        ],
        [
            -21.967116444317007,
            -1.988210290267304,
            0.09707386176443217
        ],
        [
            -23.786240480366764,
            -1.6532793877908798,
            0.030099732513896416
        ],
        [
            -22.42700389594248,
            -1.7672414301211221,
            0.640695280432916
        ],
        [
            -23.707657301221175,
            -3.111821666803361,
            0.537699629413964
        ],
        [
            -20.17188820408358,
            -2.768180169940007,
            0.2013646199924325
        ],
        [
            -23.25799814449768,
            0.5676835698737648,
            0.24987153260582468
        ],
        [
            -23.398194833128677,
            -3.143048135629811,
            0.15728460359013746
        ],
        [
            -20.631325389784074,
            -2.02790972905059,
            0.0978167175040075
        ],
        [
            -24.107418484688914,
            -0.5527459607221967,
            0.2146139877033411
        ],
        [
            -22.237672224328566,
            -2.365571444217064,
            0.06310133757712943
        ],
        [
            -20.500818048579415,
            -1.8563965110771656,
            0.42427912015553615
        ],
        [
            -23.58232595993536,
            -2.13597954720064,
            0.6068100910053967
        ],
        [
            -21.18058097638929,
            -0.9861602777684197,
            0.7180306133670198
        ],
        [
            -24.793346676139006,
            -0.573494782651756,
            0.024142035363401593
        ],
        [
            -22.498261606392624,
            -2.8836374961664495,
            0.0007420681665247231
        ],
        [
            -21.455700127461032,
            -3.282732871292138,
            0.1108759971411421
        ],
        [
            -21.461230766457113,
            -1.2339569388458465,
            0.27431043160805046
        ]
    ]
}