{
    "cameraid": "C89ae456a1aedfea8",
    "loc": [
        9.815865400066407,
        -2.934178733632689,
        3.1176897577821343
    ],
    "loc_prox": [
        9.819690628622865,
        -2.9597959086046477,
        3.0812159866595246
    ],
    "angle": -1.416737651401597,
    "angle_prox": -1.4166281798667058,
    "fov": [
        0.867893543940814,
        49.04528696934329,
        44.42282857493202
    ],
    "fov_prox": [
        1.355352980097553,
        49.532671537984974,
        44.422828574932
    ],
    "R": [
        [
            -0.9879053448898537,
            -0.15502496672679378,
            0.0032076828733225127
        ],
        [
            -0.06801812439630278,
            0.4146734525890594,
            -0.9074246318408367
        ],
        [
            0.13934333242630736,
            -0.8966678244529719,
            -0.42020262766801686
        ]
    ],
    "R_prox": [
        [
            -0.9879010551811022,
            -0.15505257080189894,
            0.003194598532992164
        ],
        [
            -0.06923164441627212,
            0.4224823971383904,
            -0.9037231896546741
        ],
        [
            0.13877494220313602,
            -0.8930102599611729,
            -0.4281053503760433
        ]
    ],
    "rvec": [
        0.20337483367819192,
        -2.5734315066914584,
        1.6443545752812068
    ],
    "rvec_prox": [
        0.20391731891797718,
        -2.580730105599892,
        1.633574915200864
    ],
    "tvec": [
        9.232115520819612,
        4.7148613398652195,
        -2.686770063661717
    ],
    "tvec_prox": [
        9.232115520819612,
        4.7148613398652195,
        -2.686770063661717
    ],
    "dist": [
        -0.36963142,
        0.14456421,
        0.00159254,
        0.00068338,
        -0.02897618
    ],
    "dist_prox": [
        -0.36963142,
        0.14456421,
        0.00159254,
        0.00068338,
        -0.02897618
    ],
    "mtx": [
        [
            865.4,
            0.0,
            653.68
        ],
        [
            0.0,
            863.05,
            357.26
        ],
        [
            0.0,
            0.0,
            1.0
        ]
    ],
    "mtx_prox": [
        [
            865.4,
            0.0,
            653.68
        ],
        [
            0.0,
            863.05,
            357.26
        ],
        [
            0.0,
            0.0,
            1.0
        ]
    ],
    "rotate_angle": [
        24.847380880109124,
        -171.16681584566183,
        0.20253574643905606
    ],
    "rotate_angle_prox": [
        25.347380880109124,
        -171.16681584566183,
        0.20253574643905606
    ],
    "anchors": [
        [
            14.15025010858222,
            -6.484231784270416,
            1.1183703165659062
        ],
        [
            10.874515358263167,
            -4.596534166439306,
            1.0179731602622144
        ],
        [
            10.819543604425597,
            -5.3143481739273515,
            0.2241223508714824
        ],
        [
            8.211021152410595,
            -6.4484913509094515,
            0.685529080038552
        ],
        [
            11.154115973687396,
            -6.787735143841179,
            0.34963571134715754
        ],
        [
            10.307929893321237,
            -6.005406907322002,
            0.4998253295354728
        ],
        [
            11.15294973892533,
            -5.144163540281198,
            0.27893988563502586
        ],
        [
            11.075092892667834,
            -5.435555750842404,
            0.6408843624295846
        ],
        [
            7.5413709316388315,
            -7.78869272982729,
            0.2912942754966707
        ],
        [
            12.602486569436977,
            -6.094065587944867,
            0.3093155847238302
        ],
        [
            13.884751056196203,
            -6.783022390090201,
            0.5583107769457787
        ],
        [
            13.261397172444253,
            -6.575509977345606,
            1.2834890828233907
        ],
        [
            8.78002128165871,
            -4.953472970227143,
            1.4460118264812294
        ],
        [
            11.611356803770828,
            -4.289622857268293,
            1.46887008547364
        ],
        [
            10.329770815234376,
            -4.786372605843976,
            1.003789253544526
        ],
        [
            8.469805398116701,
            -6.851867833238268,
            0.21295321192461314
        ],
        [
            13.108707179559687,
            -6.064119638417329,
            0.8220572179582146
        ],
        [
            11.119252996165724,
            -6.441747701275376,
            1.0413734759311315
        ],
        [
            7.450852253964725,
            -7.638602987717387,
            0.4960366269665379
        ],
        [
            8.495951662324803,
            -6.984396364313058,
            1.1175099042557748
        ]
    ]
}