{
    "cameraid": "Ca5bd6d5a53ae782b",
    "loc": [
        18.090446825169764,
        -16.99538593110902,
        2.983395631590148
    ],
    "loc_prox": [
        18.115416993338464,
        -16.995898117566586,
        2.8247430168043017
    ],
    "angle": 0.01668270124997852,
    "angle_prox": 0.016652431402772408,
    "fov": [
        18.002377763521217,
        66.07770743210826,
        44.42282857493197
    ],
    "fov_prox": [
        18.51079155933964,
        66.58647222220098,
        44.422828574932
    ],
    "R": [
        [
            0.06539799410557381,
            -0.9963769665789811,
            0.054369502828657094
        ],
        [
            -0.6648497387303522,
            -0.08413899050810363,
            -0.7422233189454907
        ],
        [
            0.7441088141375223,
            0.012392366486884805,
            -0.6679434871122745
        ]
    ],
    "R_prox": [
        [
            0.06587052791395821,
            -0.9963690970147189,
            0.05394159866383452
        ],
        [
            -0.6713005170771488,
            -0.08424642158253823,
            -0.736381800577995
        ],
        [
            0.7382524563618391,
            0.012294834875303475,
            -0.6744124462901764
        ]
    ],
    "rvec": [
        1.8074073342389183,
        -1.6519236541447266,
        0.7941993822481099
    ],
    "rvec_prox": [
        1.8134832386873745,
        -1.6575731253263128,
        0.7873979141659262
    ],
    "tvec": [
        -18.2798308952276,
        12.809134545594365,
        -11.259747484334085
    ],
    "tvec_prox": [
        -18.2798308952276,
        12.809134545594365,
        -11.259747484334085
    ],
    "dist": [
        -0.36963142,
        0.14456421,
        0.00159254,
        0.00068338,
        -0.02897618
    ],
    "dist_prox": [
        -0.36963142,
        0.14456421,
        0.00159254,
        0.00068338,
        -0.02897618
    ],
    "mtx": [
        [
            865.4,
            0.0,
            653.68
        ],
        [
            0.0,
            863.05,
            357.26
        ],
        [
            0.0,
            0.0,
            1.0
        ]
    ],
    "mtx_prox": [
        [
            865.4,
            0.0,
            653.68
        ],
        [
            0.0,
            863.05,
            357.26
        ],
        [
            0.0,
            0.0,
            1.0
        ]
    ],
    "rotate_angle": [
        41.908539891585214,
        -89.04588596198991,
        4.189559936789663
    ],
    "rotate_angle_prox": [
        42.408539891585214,
        -89.04588596198991,
        4.189559936789663
    ],
    "anchors": [
        [
            22.659706859703427,
            -13.742056867261038,
            0.5073229687073639
        ],
        [
            22.424831533685577,
            -20.54543898174675,
            1.1183703165659062
        ],
        [
            21.622844324225824,
            -18.932207275787782,
            1.4547455523094825
        ],
        [
            21.520103265419003,
            -14.038559145156515,
            0.6852619598772547
        ],
        [
            20.47715357552982,
            -16.21083600511881,
            0.6761033501363463
        ],
        [
            21.422739966438414,
            -18.58521880010424,
            0.7796872604179331
        ],
        [
            19.928759014222354,
            -16.75925475167123,
            0.6965588542671353
        ],
        [
            20.995581797787437,
            -16.67936903913821,
            0.01955614814253942
        ],
        [
            21.187306234048933,
            -18.173767171130244,
            0.5353883594063875
        ],
        [
            22.71916804205714,
            -19.152979277012097,
            0.6845928253148129
        ],
        [
            22.683858610154267,
            -17.64604256285812,
            0.2747396396834324
        ],
        [
            22.159332481299558,
            -20.84422958756653,
            0.5583107769457787
        ],
        [
            19.885938228874185,
            -18.350830054744623,
            1.46887008547364
        ],
        [
            21.162879573662913,
            -14.902768667038695,
            0.4450554538480008
        ],
        [
            20.924053548785192,
            -17.692572055201403,
            1.4711792127073673
        ],
        [
            20.924495070768813,
            -18.226799903750855,
            0.7283630666691112
        ],
        [
            22.53884483025696,
            -18.02425877907686,
            1.334570033786269
        ],
        [
            22.66055428752373,
            -18.546499871381766,
            0.21013898831626515
        ],
        [
            21.926867828401665,
            -17.119300235826913,
            0.8856276426672594
        ],
        [
            22.946302416309273,
            -14.510052873316798,
            0.9723877066682141
        ]
    ]
}