{
    "cameraid": "Ca8a8817c8097bc03",
    "loc": [
        8.222034757858141,
        -12.440843101609158,
        3.1157506851300347
    ],
    "loc_prox": [
        8.223398426665678,
        -12.467234080353947,
        3.0046842882648415
    ],
    "angle": -1.5653923929488847,
    "angle_prox": -1.5655379194484624,
    "fov": [
        4.439687787508418,
        52.617490192571275,
        44.42282857493204
    ],
    "fov_prox": [
        4.937629387051011,
        53.11541713251089,
        44.42282857493201
    ],
    "R": [
        [
            -0.9998955878547107,
            -0.010583140114969915,
            0.00983923442089106
        ],
        [
            -0.013690403882891212,
            0.4758820827063517,
            -0.8794025336559977
        ],
        [
            0.0046245248626913095,
            -0.8794454164440064,
            -0.4759772822997148
        ]
    ],
    "R_prox": [
        [
            -0.999895137423387,
            -0.010668798593377106,
            0.009792389577620809
        ],
        [
            -0.01373066214185721,
            0.4835379916641119,
            -0.8752156760105382
        ],
        [
            0.0046025073831674765,
            -0.8752583546325114,
            -0.4836337762933609
        ]
    ],
    "rvec": [
        0.021936139427108828,
        -2.7011602508760175,
        1.6094532167314421
    ],
    "rvec_prox": [
        -0.02222901481300096,
        2.7031324547238436,
        -1.5947611949030553
    ],
    "tvec": [
        8.060102651390498,
        8.771040824826425,
        -9.496732231059692
    ],
    "tvec_prox": [
        8.060102651390498,
        8.771040824826425,
        -9.496732231059692
    ],
    "dist": [
        -0.36963142,
        0.14456421,
        0.00159254,
        0.00068338,
        -0.02897618
    ],
    "dist_prox": [
        -0.36963142,
        0.14456421,
        0.00159254,
        0.00068338,
        -0.02897618
    ],
    "mtx": [
        [
            865.4,
            0.0,
            653.68
        ],
        [
            0.0,
            863.05,
            357.26
        ],
        [
            0.0,
            0.0,
            1.0
        ]
    ],
    "mtx_prox": [
        [
            865.4,
            0.0,
            653.68
        ],
        [
            0.0,
            863.05,
            357.26
        ],
        [
            0.0,
            0.0,
            1.0
        ]
    ],
    "rotate_angle": [
        28.422999869172756,
        -179.69871545208974,
        0.6410296334377801
    ],
    "rotate_angle_prox": [
        28.922999869172756,
        -179.69871545208974,
        0.6410296334377801
    ],
    "anchors": [
        [
            9.280684716054902,
            -14.103198534415775,
            1.0179731602622144
        ],
        [
            9.225712962217333,
            -14.82101254190382,
            0.2241223508714824
        ],
        [
            6.617190510202328,
            -15.95515571888592,
            0.685529080038552
        ],
        [
            9.560285331479129,
            -16.294399511817648,
            0.34963571134715754
        ],
        [
            8.714099251112971,
            -15.51207127529847,
            0.4998253295354728
        ],
        [
            9.559119096717062,
            -14.650827908257668,
            0.27893988563502586
        ],
        [
            9.481262250459569,
            -14.942220118818874,
            0.6408843624295846
        ],
        [
            5.947540289430566,
            -17.29535709780376,
            0.2912942754966707
        ],
        [
            11.00865592722871,
            -15.600729955921334,
            0.3093155847238302
        ],
        [
            11.667566530235987,
            -16.082174345322073,
            1.2834890828233907
        ],
        [
            7.1861906394504445,
            -14.46013733820361,
            1.4460118264812294
        ],
        [
            8.73594017302611,
            -14.293036973820445,
            1.003789253544526
        ],
        [
            6.875974755908436,
            -16.358532201214736,
            0.21295321192461314
        ],
        [
            9.525422353957458,
            -15.948412069251845,
            1.0413734759311315
        ],
        [
            5.857021611756459,
            -17.145267355693854,
            0.4960366269665379
        ],
        [
            6.902121020116537,
            -16.491060732289526,
            1.1175099042557748
        ],
        [
            10.719786450552052,
            -15.002057999939591,
            0.9136475505223347
        ],
        [
            10.579292778328135,
            -16.57346923697172,
            0.3391241906210316
        ],
        [
            5.996049048000535,
            -17.00199321882976,
            0.1984361797879104
        ],
        [
            8.179316183714691,
            -16.633920036854647,
            0.7588344944445854
        ]
    ]
}