{
    "cameraid": "Cab842a9dc6c6918c",
    "loc": [
        -4.415530586087181,
        -13.405046657113107,
        3.061064538105013
    ],
    "loc_prox": [
        -4.418089416646112,
        -13.431402863363251,
        2.939422625457553
    ],
    "angle": -1.7371358351671935,
    "angle_prox": -1.7371231361950419,
    "fov": [
        6.665505759579908,
        54.68886237783518,
        44.422828574932
    ],
    "fov_prox": [
        7.1656752366889505,
        55.18868223747202,
        44.42282857493203
    ],
    "R": [
        [
            -0.9897777191310049,
            0.12240796643491646,
            0.07318713319357388
        ],
        [
            -6.438567190194832e-06,
            0.5131284453589032,
            -0.8583118305849571
        ],
        [
            -0.14261860562482867,
            -0.8495383971998107,
            -0.5078823141366572
        ]
    ],
    "R_prox": [
        [
            -0.9898831859589837,
            0.12177973059144886,
            0.072807797472291
        ],
        [
            0.0012304376737341887,
            0.520496164701312,
            -0.8538631205025521
        ],
        [
            -0.14187940012145198,
            -0.8451351606389943,
            -0.5153802441623836
        ]
    ],
    "rvec": [
        0.1068668737645422,
        2.6227362843199145,
        -1.4877621010527367
    ],
    "rvec_prox": [
        0.10691902065206994,
        2.629955370109159,
        -1.476749726230745
    ],
    "tvec": [
        -2.9517326926355265,
        9.506294436051947,
        -10.463266342247493
    ],
    "tvec_prox": [
        -2.9517326926355265,
        9.506294436051947,
        -10.463266342247493
    ],
    "dist": [
        -0.36963142,
        0.14456421,
        0.00159254,
        0.00068338,
        -0.02897618
    ],
    "dist_prox": [
        -0.36963142,
        0.14456421,
        0.00159254,
        0.00068338,
        -0.02897618
    ],
    "mtx": [
        [
            865.4,
            0.0,
            653.68
        ],
        [
            0.0,
            863.05,
            357.26
        ],
        [
            0.0,
            0.0,
            1.0
        ]
    ],
    "mtx_prox": [
        [
            865.4,
            0.0,
            653.68
        ],
        [
            0.0,
            863.05,
            357.26
        ],
        [
            0.0,
            0.0,
            1.0
        ]
    ],
    "rotate_angle": [
        30.522874421679003,
        170.4701758014948,
        4.8737474616426315
    ],
    "rotate_angle_prox": [
        31.022874421679003,
        170.4701758014948,
        4.8737474616426315
    ],
    "anchors": [
        [
            -3.356880627890421,
            -15.067402089919725,
            1.0179731602622144
        ],
        [
            -3.41185238172799,
            -15.785216097407769,
            0.2241223508714824
        ],
        [
            -6.020374833742994,
            -16.91935927438987,
            0.685529080038552
        ],
        [
            -3.0772800124661925,
            -17.258603067321598,
            0.34963571134715754
        ],
        [
            -3.923466092832351,
            -16.47627483080242,
            0.4998253295354728
        ],
        [
            -3.0784462472282597,
            -15.615031463761618,
            0.27893988563502586
        ],
        [
            -3.1563030934857537,
            -15.906423674322824,
            0.6408843624295846
        ],
        [
            -7.595255598554153,
            -16.068143748428643,
            0.8153813301143409
        ],
        [
            -9.153514306693268,
            -17.463612108402977,
            0.7106294636507637
        ],
        [
            -6.690025054514757,
            -18.25956065330771,
            0.2912942754966707
        ],
        [
            -5.451374704494878,
            -15.42434089370756,
            1.4460118264812294
        ],
        [
            -8.644160830056782,
            -17.38584672703104,
            1.461158268610197
        ],
        [
            -3.9016251709192122,
            -15.257240529324395,
            1.003789253544526
        ],
        [
            -5.761590588036887,
            -17.322735756718686,
            0.21295321192461314
        ],
        [
            -3.1121429899878645,
            -16.912615624755794,
            1.0413734759311315
        ],
        [
            -6.780543732188863,
            -18.109470911197803,
            0.4960366269665379
        ],
        [
            -5.735444323828785,
            -17.455264287793476,
            1.1175099042557748
        ],
        [
            -2.0582725656171874,
            -17.53767279247567,
            0.3391241906210316
        ],
        [
            -6.641516295944787,
            -17.96619677433371,
            0.1984361797879104
        ],
        [
            -4.458249160230631,
            -17.598123592358597,
            0.7588344944445854
        ]
    ]
}