{
    "cameraid": "Cac5d12eb25394fe3",
    "loc": [
        3.3958100859379483,
        -12.858766998551758,
        2.4614478147342718
    ],
    "loc_prox": [
        3.395684379220624,
        -12.879558481889402,
        2.350412967069758
    ],
    "angle": -1.6446161369313397,
    "angle_prox": -1.6446757021458924,
    "fov": [
        4.246368275349161,
        52.033623295444364,
        44.42282857493203
    ],
    "fov_prox": [
        4.7470372514086225,
        52.53278169928436,
        44.42282857493204
    ],
    "R": [
        [
            -0.9934177043281162,
            0.012922487834427234,
            0.11381684425261758
        ],
        [
            -0.0941881727700199,
            0.47332998820314326,
            -0.8758352073180532
        ],
        [
            -0.06519089535894107,
            -0.880790401614244,
            -0.4689972447536534
        ]
    ],
    "R_prox": [
        [
            -0.9934908466978561,
            0.011934265524185531,
            0.11328508654706053
        ],
        [
            -0.09362533285835613,
            0.4809344855659926,
            -0.871743263604908
        ],
        [
            -0.06488632039759054,
            -0.8766753069978487,
            -0.47668665968903406
        ]
    ],
    "rvec": [
        -0.07185422712925277,
        2.6055439675466197,
        -1.5590968842752362
    ],
    "rvec_prox": [
        -0.07232692158191002,
        2.612829683670063,
        -1.5479995178792934
    ],
    "tvec": [
        3.261022683391896,
        8.561102583823732,
        -9.950446915345658
    ],
    "tvec_prox": [
        3.261022683391896,
        8.561102583823732,
        -9.950446915345658
    ],
    "dist": [
        -0.36963142,
        0.14456421,
        0.00159254,
        0.00068338,
        -0.02897618
    ],
    "dist_prox": [
        -0.36963142,
        0.14456421,
        0.00159254,
        0.00068338,
        -0.02897618
    ],
    "mtx": [
        [
            865.4,
            0.0,
            653.68
        ],
        [
            0.0,
            863.05,
            357.26
        ],
        [
            0.0,
            0.0,
            1.0
        ]
    ],
    "mtx_prox": [
        [
            865.4,
            0.0,
            653.68
        ],
        [
            0.0,
            863.05,
            357.26
        ],
        [
            0.0,
            0.0,
            1.0
        ]
    ],
    "rotate_angle": [
        27.96922519209426,
        175.7670235993251,
        7.404227395494579
    ],
    "rotate_angle_prox": [
        28.46922519209426,
        175.7670235993251,
        7.404227395494579
    ],
    "anchors": [
        [
            3.574152222106645,
            -14.634021410891144,
            0.42365027574701936
        ],
        [
            4.454460044134708,
            -14.521122431358375,
            1.0179731602622144
        ],
        [
            4.399488290297139,
            -15.23893643884642,
            0.2241223508714824
        ],
        [
            1.7909658382821352,
            -16.37307961582852,
            0.685529080038552
        ],
        [
            4.734060659558937,
            -16.71232340876025,
            0.34963571134715754
        ],
        [
            3.8878745791927782,
            -15.929995172241071,
            0.4998253295354728
        ],
        [
            3.4821036860860337,
            -14.61272413386893,
            0.2589010568932509
        ],
        [
            4.73289442479687,
            -15.068751805200268,
            0.27893988563502586
        ],
        [
            4.655037578539376,
            -15.360144015761474,
            0.6408843624295846
        ],
        [
            2.3907256953384173,
            -14.130053273977808,
            0.643467317004957
        ],
        [
            1.1213156175103727,
            -17.71328099474636,
            0.2912942754966707
        ],
        [
            4.168279570559778,
            -13.998724770229078,
            0.7226123567037542
        ],
        [
            2.3599659675302513,
            -14.87806123514621,
            1.4460118264812294
        ],
        [
            -0.8328201580316525,
            -16.83956706846969,
            1.461158268610197
        ],
        [
            3.909715501105917,
            -14.710960870763046,
            1.003789253544526
        ],
        [
            2.0497500839882425,
            -16.776456098157336,
            0.21295321192461314
        ],
        [
            4.699197682037265,
            -16.366335966194445,
            1.0413734759311315
        ],
        [
            1.0307969398362662,
            -17.563191252636457,
            0.4960366269665379
        ],
        [
            2.0758963481963435,
            -16.908984629232126,
            1.1175099042557748
        ],
        [
            5.753068106407942,
            -16.991393133914322,
            0.3391241906210316
        ]
    ]
}