{
    "cameraid": "Cfba6a0886b38f6a7",
    "loc": [
        18.542266977111733,
        0.6130953346212769,
        2.9342546840263894
    ],
    "loc_prox": [
        18.549361683232522,
        0.5892218031737539,
        2.89402831738792
    ],
    "angle": -1.2901175323108935,
    "angle_prox": -1.2901175521279946,
    "fov": [
        7.000317416838615,
        55.160836902341124,
        44.42282857493205
    ],
    "fov_prox": [
        7.497666899462657,
        55.657906574830285,
        44.422828574932005
    ],
    "R": [
        [
            -0.9628676099578263,
            -0.26967782454701095,
            -0.01264265168764
        ],
        [
            -0.12849250659201283,
            0.4989533762161713,
            -0.8570502926387606
        ],
        [
            0.23743555219007315,
            -0.8236014808814245,
            -0.5150776244859795
        ]
    ],
    "R_prox": [
        [
            -0.9628980911531435,
            -0.26957209329753784,
            -0.01257587248726592
        ],
        [
            -0.13055883872012483,
            0.5061209388874243,
            -0.8525233045798599
        ],
        [
            0.23618140419111083,
            -0.8192511713356874,
            -0.5225379053996174
        ]
    ],
    "rvec": [
        0.34662005176937705,
        -2.591899829091924,
        1.4632075124140291
    ],
    "rvec_prox": [
        0.34763992078927214,
        -2.599110773138423,
        1.4524634310430011
    ],
    "tvec": [
        18.056377642885966,
        4.59079221281442,
        -2.386054141632941
    ],
    "tvec_prox": [
        18.056377642885966,
        4.59079221281442,
        -2.386054141632941
    ],
    "dist": [
        -0.36963142,
        0.14456421,
        0.00159254,
        0.00068338,
        -0.02897618
    ],
    "dist_prox": [
        -0.36963142,
        0.14456421,
        0.00159254,
        0.00068338,
        -0.02897618
    ],
    "mtx": [
        [
            865.4,
            0.0,
            653.68
        ],
        [
            0.0,
            863.05,
            357.26
        ],
        [
            0.0,
            0.0,
            1.0
        ]
    ],
    "mtx_prox": [
        [
            865.4,
            0.0,
            653.68
        ],
        [
            0.0,
            863.05,
            357.26
        ],
        [
            0.0,
            0.0,
            1.0
        ]
    ],
    "rotate_angle": [
        31.00264365567033,
        -163.91829081268307,
        -0.845128990722272
    ],
    "rotate_angle_prox": [
        31.50264365567033,
        -163.91829081268307,
        -0.845128990722272
    ],
    "anchors": [
        [
            23.102284073401485,
            -2.3100865645872544,
            1.2426673279117961
        ],
        [
            22.876651685627547,
            -2.93695771601645,
            1.1183703165659062
        ],
        [
            18.72060911328043,
            -1.1621590777181097,
            0.42365027574701936
        ],
        [
            19.600916935308494,
            -1.0492600981853402,
            1.0179731602622144
        ],
        [
            19.545945181470923,
            -1.7670741056733856,
            0.2241223508714824
        ],
        [
            16.93742272945592,
            -2.9012172826554856,
            0.685529080038552
        ],
        [
            19.880517550732723,
            -3.2404610755872127,
            0.34963571134715754
        ],
        [
            19.034331470366563,
            -2.4581328390680364,
            0.4998253295354728
        ],
        [
            19.879351315970656,
            -1.5968894720272324,
            0.27893988563502586
        ],
        [
            19.801494469713163,
            -1.8882816825884383,
            0.6408843624295846
        ],
        [
            16.267772508684157,
            -4.2414186615733245,
            0.2912942754966707
        ],
        [
            21.328888146482303,
            -2.5467915196909003,
            0.3093155847238302
        ],
        [
            22.61115263324153,
            -3.2357483218362355,
            0.5583107769457787
        ],
        [
            21.987798749489578,
            -3.0282359090916398,
            1.2834890828233907
        ],
        [
            17.506422858704035,
            -1.4061989019731764,
            1.4460118264812294
        ],
        [
            20.337758380816155,
            -0.7423487890143274,
            1.46887008547364
        ],
        [
            19.056172392279702,
            -1.2390985375900105,
            1.003789253544526
        ],
        [
            17.196206975162028,
            -3.3045937649843022,
            0.21295321192461314
        ],
        [
            21.835108756605013,
            -2.5168455701633627,
            0.8220572179582146
        ],
        [
            19.84565457321105,
            -2.89447363302141,
            1.0413734759311315
        ]
    ]
}