{
    "cameraid": "Cfce7ac3bae745f04",
    "loc": [
        7.387000164286906,
        -3.134539129161308,
        3.2147171875759954
    ],
    "loc_prox": [
        7.382310916636379,
        -3.1619893117751543,
        3.198565725109565
    ],
    "angle": -1.7536059951505447,
    "angle_prox": -1.7537169492409204,
    "fov": [
        8.004222692857821,
        56.12366894370222,
        44.42282857493202
    ],
    "fov_prox": [
        8.4978982346348,
        56.61727119458095,
        44.42282857493202
    ],
    "R": [
        [
            -0.987182296352301,
            0.15220399100213067,
            0.04801102885401694
        ],
        [
            0.04040070170032695,
            0.5293510556149704,
            -0.847440406885014
        ],
        [
            -0.15439850086940327,
            -0.8346384876354194,
            -0.5287151386965773
        ]
    ],
    "R_prox": [
        [
            -0.9872583007879527,
            0.15179313061897418,
            0.047748225330114295
        ],
        [
            0.04174225241088517,
            0.536603132868582,
            -0.8428016742741373
        ],
        [
            -0.15355335193003855,
            -0.8300698303712248,
            -0.5361020843258639
        ]
    ],
    "rvec": [
        0.16732147934763855,
        2.644517928507519,
        -1.46056876471597
    ],
    "rvec_prox": [
        0.1676973249012425,
        2.6514412415319297,
        -1.4495337846788672
    ],
    "tvec": [
        7.615490151089153,
        4.084335633535869,
        0.2236644066629081
    ],
    "tvec_prox": [
        7.615490151089153,
        4.084335633535869,
        0.2236644066629081
    ],
    "dist": [
        -0.36963142,
        0.14456421,
        0.00159254,
        0.00068338,
        -0.02897618
    ],
    "dist_prox": [
        -0.36963142,
        0.14456421,
        0.00159254,
        0.00068338,
        -0.02897618
    ],
    "mtx": [
        [
            865.4,
            0.0,
            653.68
        ],
        [
            0.0,
            863.05,
            357.26
        ],
        [
            0.0,
            0.0,
            1.0
        ]
    ],
    "mtx_prox": [
        [
            865.4,
            0.0,
            653.68
        ],
        [
            0.0,
            863.05,
            357.26
        ],
        [
            0.0,
            0.0,
            1.0
        ]
    ],
    "rotate_angle": [
        31.918682966281498,
        169.51942034793683,
        3.242578296737079
    ],
    "rotate_angle_prox": [
        32.4186829662815,
        169.51942034793683,
        3.242578296737079
    ],
    "anchors": [
        [
            8.445650122483666,
            -4.796894561967925,
            1.0179731602622144
        ],
        [
            3.9312508688958467,
            -5.636783935198476,
            1.3048413690841647
        ],
        [
            8.390678368646096,
            -5.514708569455971,
            0.2241223508714824
        ],
        [
            5.782155916631093,
            -6.648851746438071,
            0.685529080038552
        ],
        [
            8.725250737907896,
            -6.988095539369798,
            0.34963571134715754
        ],
        [
            7.879064657541736,
            -6.205767302850621,
            0.4998253295354728
        ],
        [
            8.724084503145829,
            -5.344523935809818,
            0.27893988563502586
        ],
        [
            8.646227656888334,
            -5.635916146371024,
            0.6408843624295846
        ],
        [
            4.2072751518199345,
            -5.797636220476842,
            0.8153813301143409
        ],
        [
            2.6490164436808197,
            -7.193104580451175,
            0.7106294636507637
        ],
        [
            5.112505695859331,
            -7.989053125355909,
            0.2912942754966707
        ],
        [
            6.351156045879209,
            -5.153833365755761,
            1.4460118264812294
        ],
        [
            3.1583699203173055,
            -7.115339199079241,
            1.461158268610197
        ],
        [
            7.900905579454875,
            -4.9867330013725955,
            1.003789253544526
        ],
        [
            6.0409401623372005,
            -7.052228228766888,
            0.21295321192461314
        ],
        [
            8.690387760386223,
            -6.6421080968039945,
            1.0413734759311315
        ],
        [
            5.021987018185224,
            -7.838963383246005,
            0.4960366269665379
        ],
        [
            6.067086426545302,
            -7.184756759841678,
            1.1175099042557748
        ],
        [
            9.7442581847569,
            -7.267165264523872,
            0.3391241906210316
        ],
        [
            5.1610144544293,
            -7.69568924638191,
            0.1984361797879104
        ]
    ]
}