{"angle": [0.47939085754687977, 3.066157475074451, -0.05410395902570944], "loss": 0.00032900022523439654, "R": [[-0.9938138608190802, 0.10016260347417434, -0.04797356469087234], [0.0886377428473203, 0.4550998649177508, -0.8860177557446453], [-0.06691308232928979, -0.8847889950813815, -0.4611627409018133]], "R_est": [[-0.9938172441651607, 0.10012511569574895, -0.0479817299279478], [0.08863355346686415, 0.4551785969700207, -0.8859777300024195], [-0.06686836621155154, -0.8847527372477106, -0.46123878363910537]]}