{"angle": [0.3218795256219557, 0.8354535004258273, 0.013240375011828419], "loss": 0.0005614199501062893, "R": [[0.6677122914452678, 0.7443132102619248, 0.012575407846162234], [0.243357265020945, -0.20228513617592123, -0.9486084362073818], [-0.703517972346432, 0.6364578294843081, -0.316202298969644]], "R_est": [[0.6676764603561952, 0.7443456121290252, 0.012560015544930542], [0.24346687288353244, -0.20238337836886264, -0.9485593550054312], [-0.7035140553638825, 0.6363887002958747, -0.3163501162338833]]}