{"angle": [0.41777779452464087, -1.7149996985564824, 0.046589509463170996], "loss": 0.00023025639310643442, "R": [[-0.1248199316565709, -0.9912629141752184, 0.042635896168635], [-0.407762932330498, 0.012075532853199955, -0.9130079805366136], [0.9045161002870445, -0.13134693177674533, -0.40570753978001484]], "R_est": [[-0.12484836804199782, -0.9912622908376503, 0.04256707366666708], [-0.407776174889642, 0.01215259310345658, -0.9130010436320617], [0.9045062057220071, -0.13134452879414285, -0.40573037668656586]]}