{"angle": [0.5279662484846485, -0.15028548804570363, 0.08463373644317486], "loss": 0.0008537204986760992, "R": [[0.9915844886083853, -0.10710421385618818, 0.07272475043267254], [0.008160357914808784, -0.508923307165598, -0.8607731849809988], [0.1292037557888656, 0.8541227984299906, -0.503766448557437]], "R_est": [[0.991565369683607, -0.10707882925555402, 0.07302220189416284], [0.008424103444542311, -0.5089726006097595, -0.8607414979595756], [0.12933349189350615, 0.8540966082088127, -0.5037775617480736]]}