{"angle": [0.5622290966156713, -2.8834245066616018, -0.005184839491313854], "loss": 0.0003520935073860086, "R": [[-0.9675501770733574, -0.2526430388949324, -0.004260251547533234], [-0.13119550823368104, 0.5167077792314699, -0.8460501223337712], [0.21594997907992658, -0.8180370198099941, -0.533086335180112]], "R_est": [[-0.9675519422427512, -0.25263411452147305, -0.004386712006833565], [-0.13108408882105052, 0.5167238632107665, -0.8460575694635065], [0.21600972367056676, -0.818029616437261, -0.533073490159915]]}