{"angle": [0.46155670794574594, 1.6653427822540363, 0.04202896617372356], "loss": 0.0001638466331030375, "R": [[-0.11299364571155646, 0.992883094385689, 0.037624419090667494], [0.43897429730703297, 0.0838560780524844, -0.8945779588596245], [-0.8913663681857241, -0.08456547201284059, -0.4453253626402135]], "R_est": [[-0.11295049395446184, 0.9928881720648742, 0.037619990551775354], [0.4389953535891877, 0.08383466087456595, -0.8945696334904011], [-0.8913614673310414, -0.08452708092510419, -0.4453424605264288]]}