{"angle": [0.551804793653865, 1.816808325000177, -0.015896990972216956], "loss": 0.0006890486598539781, "R": [[-0.23540827857342184, 0.9718021295082372, -0.013548559419864992], [0.5120759060813019, 0.11217218502055604, -0.8515842103507602], [-0.8260515775604521, -0.20740786386000287, -0.5240427169791779]], "R_est": [[-0.23542485909875652, 0.9717982741939327, -0.013536986076104662], [0.5122484206365044, 0.11223486186395375, -0.8514721905839239], [-0.8259398835712787, -0.20739202023239278, -0.5242250076734124]]}