{"angle": [0.4490611487303581, 2.698622716377063, 0.04618118656602974], "loss": 0.0007188325454431377, "R": [[-0.9111068363906655, 0.41009214496631197, 0.04133721469962173], [0.14439464713344596, 0.4115124578595011, -0.8998931508271633], [-0.38604989128531153, -0.8139299292097333, -0.43414692418032585]], "R_est": [[-0.9111094905218661, 0.4100609145665266, 0.041587770147596376], [0.14416705173642652, 0.41158904330101276, -0.8998946164013782], [-0.38612867994311434, -0.8139069392623587, -0.43411995663176683]]}