{"angle": [0.3880064779823525, -1.5904687034972413, 0.042053851192026905], "loss": 0.0006253418551084695, "R": [[-0.0038219937795133108, -0.999244214312295, 0.03868323315020894], [-0.37874900901133285, -0.03435502435656901, -0.9248615682762436], [0.9254915345568984, -0.018186051381858803, -0.37833145124170386]], "R_est": [[-0.0037506677931925234, -0.9992354343444243, 0.0389163107400312], [-0.3787631872126407, -0.034597459659006256, -0.9248467244888018], [0.9254860239374916, -0.018208858713631485, -0.3783438343104322]]}