{"angle": [0.3511405823669564, 0.054752521835843254, -0.0012290966156711055], "loss": 0.0009224877108061902, "R": [[0.9985215681144013, 0.05434874577017487, -0.0009443746953516491], [0.017800424104063604, -0.34335493723503424, -0.9390370237525467], [-0.05135974018695765, 0.9376319112047833, -0.3438147410719814]], "R_est": [[0.9985238371086803, 0.05430299055656294, -0.001154098077116832], [0.017596494007136202, -0.34352056619706434, -0.9389802894620872], [-0.05138589421635657, 0.937573893523205, -0.3439690161327372]]}