{"angle": [0.5296926957017288, -2.8719501727792838, 0.14604696005171505], "loss": 0.0006673958981282813, "R": [[-0.9340291519618571, -0.33442307382147446, 0.12550199592520647], [-0.2733269368761763, 0.44295259835748757, -0.8538649665996592], [0.2299607115646076, -0.8318378467611023, -0.5051374741914842]], "R_est": [[-0.9340173130959974, -0.33442480302778665, 0.1255854687324916], [-0.27343372421276946, 0.44305940356147794, -0.8537753588496699], [0.22988183334067233, -0.8317802690828711, -0.5052681730174163]]}