{"angle": [0.44323940318178556, 0.05653129650276405, 0.045720313791743385], "loss": 0.0005927111721587899, "R": [[0.9962475980214532, 0.07605342280362684, 0.04131101930885754], [0.06986751680435305, -0.424995358608442, -0.902495138633375], [-0.05108085289105373, 0.9019949124253053, -0.4287142689796876]], "R_est": [[0.9962517211315822, 0.0760119881775069, 0.041287840772589575], [0.0698376111459748, -0.4251531775094027, -0.9024231179015096], [-0.051041318672069735, 0.9019240285672407, -0.42886808051107667]]}