{"angle": [0.5565402762665312, -2.9998511529215612, 0.0056415006682325065], "loss": 0.0001417097155380926, "R": [[-0.9895349757461329, -0.14421334933096772, 0.004800171855712902], [-0.08022062662186491, 0.5221813021241657, -0.8490532013815778], [0.11993824594138205, -0.8405529118304541, -0.5282855473830884]], "R_est": [[-0.9895347334475855, -0.14421534663471408, 0.00479010394930667], [-0.0802084407272315, 0.5221488953769524, -0.8490742824351322], [0.11994839447413246, -0.8405727005153437, -0.5282517560892914]]}