{"angle": [0.4183924348178336, 1.9952858659516346, -0.054753170390232614], "loss": 0.0008547628438450791, "R": [[-0.3909126559555402, 0.9190522778381722, -0.050301153209969585], [0.39231589221732904, 0.11693361070962627, -0.9123676733642698], [-0.8326316929636457, -0.37639001220393337, -0.40626964270742194]], "R_est": [[-0.39097716063682053, 0.9190409812304483, -0.05000534650759476], [0.39221759855089827, 0.11721408513945866, -0.9123739439680894], [-0.8326477137705575, -0.37633035097357553, -0.40629207682253565]]}