{"angle": [0.5654940739297915, 0.04381536996686615, 0.013447649165746188], "loss": 0.0005661147569644368, "R": [[0.9986385186610632, 0.05096208080553957, 0.011134422589727867], [0.03669895838472419, -0.5346861463867776, -0.844253463904966], [-0.03707149174113809, 0.8435126502797851, -0.5358284364589655]], "R_est": [[0.9986343190815993, 0.05099595368084731, 0.011353830217664312], [0.036902427434466305, -0.5346813695167676, -0.8442476200387644], [-0.036982531036620796, 0.8435136310693828, -0.535833039853153]]}