{"angle": [0.525064870256586, 0.7297897038491742, 0.03953304732914367], "loss": 0.0004936166259948624, "R": [[0.7315297573456453, 0.6809535220874874, 0.03415428047063879], [0.36329147376543997, -0.3469045886729982, -0.8646828964695397], [-0.5769605872216541, 0.6449492283228686, -0.5011556381789797]], "R_est": [[0.7315236836358124, 0.6809578176237613, 0.034198697299401414], [0.3633983686783146, -0.34696098433968203, -0.8646153485729817], [-0.5769009671701302, 0.6449143555256955, -0.5012691374052918]]}