{"angle": [0.5932361867988744, -3.0940820258510824, -0.03423129439971228], "loss": 0.0003363483302197797, "R": [[-0.9991935621528573, -0.028291190703391506, -0.028492698729123432], [0.007781472305781538, 0.5597199476595894, -0.828645297386464], [0.03939129397517443, -0.8281987616028723, -0.5590484211930395]], "R_est": [[-0.999195096972056, -0.0283533515597428, -0.02837685046535799], [0.00765085277193962, 0.5597146274366496, -0.8286501072740621], [0.03937794609760343, -0.8282002313986528, -0.5590471841198666]]}