{"angle": [0.4945296017589877, -1.8452598219280438, -0.01738458691965556], "loss": 0.0001484694217379623, "R": [[-0.278888608645774, -0.9602015120641048, -0.015303600799524586], [-0.45208705433273894, 0.1453340005765682, -0.8800541594590399], [0.8472534681382966, -0.2385185202583165, -0.47462667036462636]], "R_est": [[-0.2789313991688716, -0.9601891239811603, -0.015301004737840324], [-0.4520725265610041, 0.1453495012143177, -0.8800590623506465], [0.8472471335368718, -0.2385589417419537, -0.47461766299676766]]}