{"angle": [0.5160047936538649, 2.429008325000164, 0.042403009027783094], "loss": 0.00012584587898183813, "R": [[-0.769677230231093, 0.6373655675030545, 0.03690656615430726], [0.29019481549446025, 0.4007567790852249, -0.8690114919132961], [-0.5686685592890899, -0.6581482639791325, -0.49341355098672063]], "R_est": [[-0.7696691832650032, 0.6373773446956665, 0.036870975046563954], [0.29022098883271397, 0.40072902531150084, -0.8690155498688479], [-0.5686660935673451, -0.6581537576749038, -0.4934090648592296]]}