{"angle": [0.629194793188176, 1.5823021395983787, 0.008302139598385515], "loss": 0.00010538484598785272, "R": [[-0.01639684668938557, 0.9998427870266056, 0.006748677612240128], [0.5883424930375265, 0.01510544481004239, -0.8084707393737129], [-0.8084455790620864, -0.009285836955272797, -0.5884976796275476]], "R_est": [[-0.016390541738965637, 0.9998431358438254, 0.006712216287400104], [0.5883391853631728, 0.015072213048784446, -0.8084737666492403], [-0.8084481140479588, -0.00930226315461274, -0.588493937770391]]}