{"angle": [0.48857718232379016, 0.5436113210588518, -0.017510796637254317], "loss": 0.0005909426731615791, "R": [[0.8599738252266077, 0.5101095237392566, -0.015273955467542732], [0.22787877531635306, -0.4106075348133673, -0.8828775204493591], [-0.45663583267789515, 0.755770948201238, -0.46935486592722897]], "R_est": [[0.8599660914849077, 0.5101169185563733, -0.015461270928409085], [0.22774929053506693, -0.41070369011453134, -0.8828662070705168], [-0.45671499007252325, 0.755713707913822, -0.4693700134373708]]}