{"angle": [0.5893387442121075, 2.7604741151103576, 0.0038764162965785358], "loss": 0.00019388550991531264, "R": [[-0.9290459873579855, 0.3699505163225706, 0.0031888629147809877], [0.20317413931022255, 0.5173907041701223, -0.8312804149947808], [-0.3091825067651405, -0.7716498394420932, -0.5558441353467856]], "R_est": [[-0.9290435963434457, 0.36995622937816675, 0.0032224893368217634], [0.20313923308410853, 0.5173694906930186, -0.831302148488771], [-0.30921262599582977, -0.7716613236675373, -0.5558114369823883]]}