{"angle": [0.4840998929424661, -1.501887234215199, -0.03999944132791641], "loss": 0.00014304961155945858, "R": [[0.05025856240440196, -0.998109040986738, -0.03538953525517019], [-0.4667125831748188, 0.007856142488158024, -0.8843741548301225], [0.8829798647825049, 0.060964115065666735, -0.4654352103815626]], "R_est": [[0.050232414368252216, -0.9981102048398331, -0.0353938347925553], [-0.46668933421463893, 0.007873769217054478, -0.8843862669041247], [0.8829936409040743, 0.06094278261536025, -0.4654118685315875]]}