{"angle": [0.6203415006682325, -2.7057269570172235, -0.002092036732051011], "loss": 0.00011552949770783747, "R": [[-0.9070157887620469, -0.42109319788297594, -0.0016963587623628762], [-0.2435467388894733, 0.5278665083503524, -0.8136595942642778], [0.34352197151370756, -0.7375889560308609, -0.5813391325454016]], "R_est": [[-0.9070163485692819, -0.42109196831879797, -0.0017022471757268825], [-0.2435306776291095, 0.5278452312950171, -0.8136782047299883], [0.34353187986204947, -0.7376048847564055, -0.5813130666877668]]}