{"angle": [0.6655020371977401, 1.0562587087899373, 0.0023016307997206728], "loss": 0.0008680607679160944, "R": [[0.4909057037545558, 0.8712109012256039, 0.0017764028019747191], [0.538785258116527, -0.3019885230025991, -0.7864562146814124], [-0.6846327743086444, 0.38703294118250386, -0.6176434787011591]], "R_est": [[0.4908939450193924, 0.871217456732866, 0.0018104770682814395], [0.5386376673258587, -0.3018647496516457, -0.7866048158100145], [-0.6847573278768584, 0.38711473234903654, -0.6174541164469457]]}