{"angle": [0.43366860685499065, -2.987424506661601, 0.003534915628345909], "loss": 0.0009530886687185041, "R": [[-0.9879129531282609, -0.15497388067970072, 0.003330667871837986], [-0.06813699401011034, 0.4148530823505012, -0.9073336046413989], [0.1392312719494611, -0.8965935625306274, -0.4203981880788418]], "R_est": [[-0.9879053448898537, -0.15502496672679378, 0.0032076828733225127], [-0.06801812439630278, 0.4146734525890594, -0.9074246318408367], [0.13934333242630736, -0.8966678244529719, -0.42020262766801686]]}