{"angle": [0.4779115777366428, 2.966630438490186, 0.018506401069172], "loss": 0.0008562183992467387, "R": [[-0.9860441193623166, 0.16570322865300888, 0.016106976282411423], [0.06213111494113813, 0.45601871987652276, -0.8877987675584756], [-0.15445620488398837, -0.8744080095333905, -0.4599499033989347]], "R_est": [[-0.9860460249864997, 0.16565997520607692, 0.016431957371086166], [0.06182316777664299, 0.45604780515455706, -0.8878053251359627], [-0.15456756624332368, -0.8744010361547115, -0.4599257499175085]]}