{"angle": [0.42889820861397826, -0.1126102057177649, -0.008850283492160242], "loss": 0.000267151468590774, "R": [[0.9932187719621832, -0.11597948693248389, -0.0080764864149077], [-0.05553569343554058, -0.4122676492493112, -0.9093685568223042], [0.10213842458431617, 0.9036504545416466, -0.41591296953823076]], "R_est": [[0.9932136652028299, -0.1160251521993373, -0.008048559590481123], [-0.05552446731977635, -0.41222431642092566, -0.909388886274819], [0.10219417196306255, 0.9036643608156854, -0.41586905896972287]]}