{"angle": [0.4493954521578537, 0.026540178071989, -0.012551661720222627], "loss": 0.0001683072541937157, "R": [[0.9997136018592399, 0.02106759219561992, -0.011352128289616218], [-0.0010696203284525693, -0.4345509401986902, -0.900646621203226], [-0.023907533749381413, 0.9004008201526215, -0.4344039512924679]], "R_est": [[0.9997137818311979, 0.021084328914623644, -0.011305109065549317], [-0.0010195604127703538, -0.4345669690156949, -0.9006389453810426], [-0.02390219473874128, 0.9003926923930091, -0.4344210913065102]]}