{"angle": [0.534177948351002, -0.08657489045134013, 0.021789586376351578], "loss": 0.0006817973113247659, "R": [[0.9969834464363517, -0.07527804738535895, 0.018900346921184773], [-0.02211446571756521, -0.5089380722032396, -0.8605190230715858], [0.07439729792082586, 0.8575052502719138, -0.5090675670460476]], "R_est": [[0.9969774101080255, -0.07539486714259315, 0.018752539637195007], [-0.02230643958213932, -0.5089903600644388, -0.860483141098442], [0.07442087400361681, 0.8574639510615147, -0.5091336819957152]]}