{"angle": [0.4292020371977401, 1.5628587087899384, 0.021401630799720673], "loss": 0.0007560427511533344, "R": [[-0.0009353730831567209, 0.9998109155274526, 0.019423137474478103], [0.41599167791284114, 0.01805182813757744, -0.9091892297031188], [-0.9093679392767564, 0.0072294324153796, -0.4159299055399804]], "R_est": [[-0.0009695117929737166, 0.9998101861189166, 0.019458976842079184], [0.4162068055895452, 0.01809691123301813, -0.9090898727764878], [-0.909269462276079, 0.007217585238952933, -0.4161453489292998]]}