{"angle": [0.7314420058115494, -1.5541438953921223, 0.07312161510662513], "loss": 0.0005900750350178868, "R": [[0.0654378910091562, -0.9963728095895994, 0.05439767210829494], [-0.6647281653973163, -0.08418462511503799, -0.7423270270047821], [0.7442139131646169, 0.012416650303858245, -0.6678259340931885]], "R_est": [[0.06539799410557381, -0.9963769665789811, 0.054369502828657094], [-0.6648497387303522, -0.08413899050810363, -0.7422233189454907], [0.7441088141375223, 0.012392366486884805, -0.6679434871122745]]}