{"angle": [0.4960749310109821, -3.1363342462433765, 0.0111880777063416], "loss": 0.0008495384405380483, "R": [[-0.9998987944706975, -0.01056230789903909, 0.009530921670634374], [-0.01340952929852545, 0.47591930848364383, -0.8793867160336469], [0.0047524036063721475, -0.8794255224089734, -0.47601277839535594]], "R_est": [[-0.9998955878547107, -0.010583140114969915, 0.00983923442089106], [-0.013690403882891212, 0.4758820827063517, -0.8794025336559977], [0.0046245248626913095, -0.8794454164440064, -0.4759772822997148]]}