{"angle": [0.4674784534943183, 0.07273420212836117, 0.06238983894800989], "loss": 0.0006732617804733471, "R": [[0.9933740626043128, 0.10055642514173685, 0.05564509958403137], [0.09487326307905725, -0.4442521699558077, -0.8908642283997533], [-0.06486166585691802, 0.8902406499662158, -0.4508486990665439]], "R_est": [[0.9933737578230177, 0.10055132935795467, 0.055659746971438356], [0.09486861739009037, -0.4440398671937734, -0.8909705616781224], [-0.06487312774230224, 0.8903471382033438, -0.45063671709043723]]}