{"angle": [0.7678691119983074, -1.4742412912100646, 0.014035168200004201], "loss": 0.000189042212539842, "R": [[0.10610378526501696, -0.994304163942995, 0.010060632090299448], [-0.6899744718877023, -0.0809063233754106, -0.7192978485864944], [0.7160148147180483, 0.06937864515464942, -0.6946289575743183]], "R_est": [[0.10609873711350738, -0.9943043394423917, 0.010096462199593337], [-0.6899474234385962, -0.08092608083798772, -0.7193215708781754], [0.7160416264948297, 0.0693530821682241, -0.6946038720885497]]}