{"angle": [0.5327246558310587, 2.975265844189648, 0.08506294011637996], "loss": 0.0004849262750147088, "R": [[-0.98977606942726, 0.12250877650156286, 0.07304061931017425], [0.00016841445558681695, 0.5131018528484771, -0.8583277114482735], [-0.14262995486816515, -0.8495399274216306, -0.5078765673771093]], "R_est": [[-0.9897777191310049, 0.12240796643491646, 0.07318713319357388], [-6.438567190194832e-06, 0.5131284453589032, -0.8583118305849571], [-0.14261860562482867, -0.8495383971998107, -0.5078823141366572]]}