{"angle": [0.48815506883378834, 3.0677132782387977, 0.12922814661774476], "loss": 0.0007028131412908142, "R": [[-0.9934435003255673, 0.012991700937842791, 0.11358356997218505], [-0.0939517151786895, 0.473307019290908, -0.8758730163128313], [-0.06513898123141784, -0.8808017263815374, -0.46898318938682215]], "R_est": [[-0.9934177043281162, 0.012922487834427234, 0.11381684425261758], [-0.0941881727700199, 0.47332998820314326, -0.8758352073180532], [-0.06519089535894107, -0.880790401614244, -0.4689972447536534]]}