{"angle": [0.5094859417633045, -3.141592653589793, 0.033143583082502794], "loss": 0.03989353605564113, "R": [[-0.9993138655085042, -0.0017173587531256855, 0.036997957799914286], [-0.03313614826004589, 0.4877265377807114, -0.8723673652899493], [-0.016546718131987184, -0.8729947737663455, -0.4874487984349819]], "R_est": [[-0.9994508017273805, -0.016162112032169378, 0.028928896646017003], [-0.03313751539413189, 0.48746068122596203, -0.8725158963206485], [1.0691109535231796e-16, -0.8729953438554988, -0.4877285408981305]]}