{"angle": [0.5811356816555578, -0.14074303737954427, -0.05773154697137057], "loss": 0.0008500754840217034, "R": [[0.9840508610101344, -0.17125603042598556, -0.048117304454283624], [-0.1338218880448627, -0.5344785126467212, -0.8345204741640894], [0.11719899839725827, 0.8276497396614598, -0.5488718458920961]], "R_est": [[0.9840191065153528, -0.17140742192732364, -0.048227520369132484], [-0.13401002802665626, -0.5345457436368597, -0.8344472184314664], [0.11725063070628422, 0.8275749776714766, -0.5489735384615851]]}