{"angle": [0.4245127569218137, -1.2606483361767475, 0.042356990661757576], "loss": 0.00023177548388974428, "R": [[0.3215768961949187, -0.9460957731573709, 0.038614606658608885], [-0.3789606241546537, -0.1659663429086482, -0.9104087095155913], [0.8677425569683428, 0.2781329916340123, -0.4119039861311816]], "R_est": [[0.32153435511233364, -0.9461114060660212, 0.03858582374748449], [-0.3789502719591041, -0.1659158967624318, -0.9104222133623713], [0.8677628419473933, 0.2781099108505382, -0.4118768355007222]]}