{"angle": [0.506894793188176, -3.0340085801256964, 0.03414800879493848], "loss": 0.0009610432336232266, "R": [[-0.9918165599779574, -0.12412764136621586, 0.029870386712442756], [-0.08622010178734905, 0.4786612866475747, -0.8737559537494822], [0.09415946793217317, -0.8691810520908451, -0.4854464885906392]], "R_est": [[-0.991859089725136, -0.1237926683670614, 0.029848306286746645], [-0.08604118422894919, 0.4787107186952017, -0.8737465092478501], [0.09387470770183366, -0.8692016009332278, -0.4854648454718519]]}