{"angle": [0.5426926957017288, -1.8654094381382689, 0.048346960051715036], "loss": 0.0006699308303043314, "R": [[-0.26613221493086225, -0.9630502402450414, 0.041326491987119296], [-0.5074739199508205, 0.10352880662113861, -0.8554250445067358], [0.8195388122265728, -0.24862827868842852, -0.5162752311419632]], "R_est": [[-0.2661469627469881, -0.9630436780268983, 0.041384398424736714], [-0.5076480321157049, 0.10353845547167943, -0.8553205619693655], [0.8194261831974894, -0.2486496781638035, -0.5164436734431271]]}