{"angle": [0.4722531854624093, 2.0041793775539998, 0.011327204932055242], "loss": 0.0008252194409862305, "R": [[-0.4245832201702848, 0.9053345514655038, 0.009921646667071071], [0.4079820884638525, 0.2010949984505478, -0.8905680305798358], [-0.8082572020356543, -0.3740723880760633, -0.45474184306765353]], "R_est": [[-0.42459276189577877, 0.9053282473293117, 0.010087176678886084], [0.4080559998041025, 0.201297307265267, -0.8904884587189364], [-0.8082148771023636, -0.3739788211588849, -0.45489400276880104]]}