{"angle": [0.5591001538263611, -0.5321978604016152, 0.03428101090755212], "loss": 0.00010067952470567063, "R": [[0.8704049479898543, -0.49147824229481146, 0.0290579398027902], [-0.2394738714603954, -0.47419765996743585, -0.8472241994709417], [0.4301714674435649, 0.7304695179350134, -0.5304401869817551]], "R_est": [[0.870412615406495, -0.4914648106541986, 0.029055444065745496], [-0.23945992697036061, -0.4741859765401692, -0.8472346800196481], [0.43016371571365075, 0.730486139184912, -0.5304235836971681]]}