{"angle": [0.5182589577062516, -1.8890090555754864, -0.014951822306523685], "loss": 0.00012323581386616302, "R": [[-0.3198872789779249, -0.9473664176398983, -0.012999979855564614], [-0.465780257687444, 0.16919391595022293, -0.8685747926080098], [0.8250581072244048, -0.2717908930291353, -0.4953875555256789]], "R_est": [[-0.3198691026807616, -0.9473727204032343, -0.012987909222795945], [-0.46576866902862507, 0.16916902609160073, -0.8685858550324904], [0.8250716963400864, -0.27178441685827853, -0.49536847563354086]]}