{"angle": [0.4866076571675235, -1.8332474781641863, 0.012504440784612422], "loss": 0.0008729113447552075, "R": [[-0.253984163019527, -0.967143153367304, 0.011232356387573084], [-0.45485356753571327, 0.1091853980117129, -0.883847713670776], [0.8535808555932498, -0.2295923991681147, -0.4676398755548168]], "R_est": [[-0.2537811918717564, -0.9671985032413913, 0.011052691064302102], [-0.4548257915308854, 0.1092405050909621, -0.8838551982116613], [0.8536560232379634, -0.2293328746060705, -0.46763001038691054]]}