{"angle": [0.44166860685499065, -0.012743037379544263, -0.006465084371654095], "loss": 0.0007122375401152816, "R": [[0.9998653590136635, -0.015311230434499026, -0.005901700353195042], [-0.011878755696123577, -0.4272474851743133, -0.9040566805103187], [0.011320733526986818, 0.9040050622838383, -0.42737183851723826]], "R_est": [[0.9998626976398154, -0.015505673493157856, -0.005844652081576052], [-0.011911245982924689, -0.42732252673254106, -0.9040207853617367], [0.011519899633475545, 0.9039662782628788, -0.42744854623216855]]}