{"angle": [0.4191559419185341, 0.5257289937642409, 0.12032858316011764], "loss": 0.0005960017681623242, "R": [[0.8341892028177529, 0.5404845926060728, 0.10956632264400304], [0.3066157549352559, -0.2894152329130575, -0.9067665641075237], [-0.458383194203022, 0.7900096379876186, -0.4071481538198428]], "R_est": [[0.8341867632324204, 0.5404719908918972, 0.1096470296413308], [0.30659655130358965, -0.2892430927363469, -0.906827981500934], [-0.45840047859547794, 0.7900812998455679, -0.4069896078007088]]}