{"angle": [0.3998003980857825, -0.4918854880457041, -0.016899188756258114], "loss": 0.0007157138619709891, "R": [[0.8781848905234559, -0.478060080717569, -0.01580687447337148], [-0.19890789360199604, -0.33493628941511094, -0.9210066948158704], [0.435002238981735, 0.8119582755641748, -0.38922591232307363]], "R_est": [[0.8782116241298895, -0.47801888088821215, -0.015565755925200443], [-0.19869977206173975, -0.33505847367120206, -0.9210071768470304], [0.43504338154459304, 0.8119321207684209, -0.3892344890149639]]}