{"angle": [0.6643402762665314, 1.6330488470784423, -0.027965084371654122], "loss": 0.00018947934516286465, "R": [[-0.04502984814052258, 0.998743106926671, -0.02201179554015653], [0.6168238438542315, 0.010464656950823659, -0.7870316617568777], [-0.7858121012235254, -0.04901731654590802, -0.6165197841507651]], "R_est": [[-0.04498204648979814, 0.9987451968833793, -0.02201470408544339], [0.616844522041777, 0.010434100422782843, -0.787015860815663], [-0.7857986072274762, -0.04898123365889514, -0.6165398508033454]]}