{"angle": [0.5110034154258025, -3.0522979523869846, 0.017002319913751857], "loss": 0.0005132346602702616, "R": [[-0.9951330630526944, -0.09742148357384398, 0.014806801060095971], [-0.06049597627428413, 0.48538559203851683, -0.8722047144426817], [0.07778446936235575, -0.8688555009779761, -0.4889168587258236]], "R_est": [[-0.9951304502542632, -0.09744469726833575, 0.014829630846045992], [-0.060539267536768235, 0.48551774850976676, -0.8721281516887976], [0.07778421474090484, -0.8687790552587518, -0.48905272627892743]]}