{"angle": [0.5281405823669566, 0.4477525218358436, 0.04077090338432894], "loss": 0.0007062901783196629, "R": [[0.8917344251575503, 0.4511826430204564, 0.03526949993986364], [0.2547710027759804, -0.4360697566260083, -0.8630961148682428], [-0.37403402403184394, 0.7786381637148343, -0.5038066681509255]], "R_est": [[0.8917807396079767, 0.45109605941660763, 0.03520593192998189], [0.25473132744368676, -0.4362281379567342, -0.8630277877760238], [-0.3739506161019492, 0.7785996126595549, -0.5039281495246756]]}