{"angle": [0.5410982086139784, -2.8609138789228914, -0.014750283492160256], "loss": 0.00023490640367836678, "R": [[-0.9628731630286581, -0.26965632327115446, -0.012678297956345161], [-0.12846304148856974, 0.4990027454784497, -0.8570259663373537], [0.23742897651864908, -0.8235786102885697, -0.5151172233428571]], "R_est": [[-0.9628676099578263, -0.26967782454701095, -0.01264265168764], [-0.12849250659201283, 0.4989533762161713, -0.8570502926387606], [0.23743555219007315, -0.8236014808814245, -0.5150776244859795]]}