{"angle": [0.5570861106618423, 2.9586720311437693, 0.05659366753177173], "loss": 0.0006498090912860702, "R": [[-0.9871937533078454, 0.15217279455936164, 0.04787414778315215], [0.04051443073979213, 0.5294224024672161, -0.8473904062872508], [-0.15429541254295076, -0.8345989218551841, -0.5288076827225234]], "R_est": [[-0.987182296352301, 0.15220399100213067, 0.04801102885401694], [0.04040070170032695, 0.5293510556149704, -0.847440406885014], [-0.15439850086940327, -0.8346384876354194, -0.5287151386965773]]}