{
    "cameraid": "C28b7933eaa1e99d1",
    "loc": [
        18.922213049626247,
        -15.078461629658268,
        2.6001267735559086
    ],
    "loc_prox": [
        18.932587393763292,
        -15.119732572223981,
        2.263102422125293
    ],
    "angle": -1.3126986887036847,
    "angle_prox": -1.3126281798667048,
    "fov": [
        8.214745138636735,
        56.38566657037919,
        44.42282857493202
    ],
    "fov_prox": [
        9.213682210412944,
        57.384039261297566,
        44.422828574932055
    ],
    "R": [
        [
            -0.9675519422427512,
            -0.25263411452147305,
            -0.004386712006833565
        ],
        [
            -0.13108408882105052,
            0.5167238632107665,
            -0.8460575694635065
        ],
        [
            0.21600972367056676,
            -0.818029616437261,
            -0.533073490159915
        ]
    ],
    "R_prox": [
        [
            -0.9675713809535103,
            -0.2525605000524758,
            -0.004337807390877001
        ],
        [
            -0.13483319939696098,
            0.5309217587234247,
            -0.8366254206360245
        ],
        [
            0.21360157092141516,
            -0.8089099331367299,
            -0.5477582395296622
        ]
    ],
    "rvec": [
        0.3337563450844749,
        -2.6236494748144232,
        1.4469616108615415
    ],
    "rvec_prox": [
        0.33543756202165187,
        -2.63769683760572,
        1.4248408481460506
    ],
    "tvec": [
        14.509799412919001,
        12.473505355689646,
        -15.034899274339093
    ],
    "tvec_prox": [
        14.509799412919001,
        12.473505355689646,
        -15.034899274339093
    ],
    "dist": [
        -0.36963142,
        0.14456421,
        0.00159254,
        0.00068338,
        -0.02897618
    ],
    "dist_prox": [
        -0.36963142,
        0.14456421,
        0.00159254,
        0.00068338,
        -0.02897618
    ],
    "mtx": [
        [
            865.4,
            0.0,
            653.68
        ],
        [
            0.0,
            863.05,
            357.26
        ],
        [
            0.0,
            0.0,
            1.0
        ]
    ],
    "mtx_prox": [
        [
            865.4,
            0.0,
            653.68
        ],
        [
            0.0,
            863.05,
            357.26
        ],
        [
            0.0,
            0.0,
            1.0
        ]
    ],
    "rotate_angle": [
        32.21335435553096,
        -165.2080547763013,
        -0.2970694203050405
    ],
    "rotate_angle_prox": [
        33.21335435553096,
        -165.2080547763013,
        -0.2970694203050405
    ],
    "anchors": [
        [
            23.482230145916,
            -18.0016435288668,
            1.2426673279117961
        ],
        [
            23.25659775814206,
            -18.628514680295993,
            1.1183703165659062
        ],
        [
            19.100555185794946,
            -16.853716041997654,
            0.42365027574701936
        ],
        [
            19.980863007823007,
            -16.740817062464885,
            1.0179731602622144
        ],
        [
            19.925891253985437,
            -17.45863106995293,
            0.2241223508714824
        ],
        [
            17.317368801970435,
            -18.59277424693503,
            0.685529080038552
        ],
        [
            20.260463623247237,
            -18.932018039866758,
            0.34963571134715754
        ],
        [
            19.414277542881077,
            -18.14968980334758,
            0.4998253295354728
        ],
        [
            19.008506649774333,
            -16.83241876497544,
            0.2589010568932509
        ],
        [
            20.25929738848517,
            -17.288446436306778,
            0.27893988563502586
        ],
        [
            20.181440542227676,
            -17.579838646867984,
            0.6408843624295846
        ],
        [
            16.64771858119867,
            -19.93297562585287,
            0.2912942754966707
        ],
        [
            21.708834218996817,
            -18.238348483970444,
            0.3093155847238302
        ],
        [
            22.991098705756045,
            -18.92730528611578,
            0.5583107769457787
        ],
        [
            22.36774482200409,
            -18.719792873371183,
            1.2834890828233907
        ],
        [
            19.694682534248077,
            -16.218419401335588,
            0.7226123567037542
        ],
        [
            17.88636893121855,
            -17.097755866252722,
            1.4460118264812294
        ],
        [
            20.71770445333067,
            -16.43390575329387,
            1.46887008547364
        ],
        [
            19.436118464794216,
            -16.930655501869555,
            1.003789253544526
        ],
        [
            17.57615304767654,
            -18.996150729263846,
            0.21295321192461314
        ]
    ]
}