{
    "cameraid": "Ccdb30527ec9684f9",
    "loc": [
        -8.809788694334202,
        0.339912570616951,
        3.1315640459149776
    ],
    "loc_prox": [
        -8.756589657148504,
        0.35725025389506193,
        3.275533635999074
    ],
    "angle": 0.3101789055512492,
    "angle_prox": 0.3101479906181488,
    "fov": [
        0.38328908466985595,
        48.52897472359606,
        44.42282857493203
    ],
    "fov_prox": [
        1.3809877267488189,
        49.527268448527074,
        44.42282857493203
    ],
    "R": [
        [
            0.32153435511233364,
            -0.9461114060660212,
            0.03858582374748449
        ],
        [
            -0.3789502719591041,
            -0.1659158967624318,
            -0.9104222133623713
        ],
        [
            0.8677628419473933,
            0.2781099108505382,
            -0.4118768355007222
        ]
    ],
    "R_prox": [
        [
            0.3221731113113431,
            -0.9459066906518846,
            0.038275565677975104
        ],
        [
            -0.3940215540005822,
            -0.1707461023236108,
            -0.9031017570153771
        ],
        [
            0.8607853979540634,
            0.27587370501969755,
            -0.4277174272200861
        ]
    ],
    "rvec": [
        1.7184135656204085,
        -1.1987671245099636,
        0.8199735294468645
    ],
    "rvec_prox": [
        1.7325809209744505,
        -1.2087315543069799,
        0.8110310088056584
    ],
    "tvec": [
        3.0336902369015837,
        -0.4311457942146484,
        8.83999138115013
    ],
    "tvec_prox": [
        3.0336902369015837,
        -0.4311457942146484,
        8.83999138115013
    ],
    "dist": [
        -0.36963142,
        0.14456421,
        0.00159254,
        0.00068338,
        -0.02897618
    ],
    "dist_prox": [
        -0.36963142,
        0.14456421,
        0.00159254,
        0.00068338,
        -0.02897618
    ],
    "mtx": [
        [
            865.4,
            0.0,
            653.68
        ],
        [
            0.0,
            863.05,
            357.26
        ],
        [
            0.0,
            0.0,
            1.0
        ]
    ],
    "mtx_prox": [
        [
            865.4,
            0.0,
            653.68
        ],
        [
            0.0,
            863.05,
            357.26
        ],
        [
            0.0,
            0.0,
            1.0
        ]
    ],
    "rotate_angle": [
        24.32278932108295,
        -72.229829113117,
        2.426876797793749
    ],
    "rotate_angle_prox": [
        25.32278932108295,
        -72.229829113117,
        2.426876797793749
    ],
    "anchors": [
        [
            -6.919423896522891,
            3.7573898137397403,
            0.6382634961074649
        ],
        [
            -4.240528659800539,
            3.593241634464933,
            0.5073229687073639
        ],
        [
            -6.13737852394693,
            5.21115528951789,
            1.2120016189835412
        ],
        [
            -5.3801322540849625,
            3.2967393565694563,
            0.6852619598772547
        ],
        [
            -6.423081943974145,
            1.124462496607161,
            0.6761033501363463
        ],
        [
            -5.642444099126934,
            4.158262559408875,
            0.6352745892228875
        ],
        [
            -5.477495553065552,
            -1.2499202983782682,
            0.7796872604179331
        ],
        [
            -6.7141786447009535,
            3.256118571267592,
            0.06646725050609908
        ],
        [
            -5.904653721716528,
            0.6559294625877623,
            0.01955614814253942
        ],
        [
            -5.712929285455035,
            -0.8384686694042722,
            0.5353883594063875
        ],
        [
            -4.181067477446822,
            -1.817680775286127,
            0.6845928253148129
        ],
        [
            -4.2163769093497,
            -0.3107440611321506,
            0.2747396396834324
        ],
        [
            -5.942653621222915,
            4.790496107089162,
            0.7744576053837824
        ],
        [
            -5.737355945841053,
            2.4325298346872763,
            0.4450554538480008
        ],
        [
            -5.976181970718773,
            -0.3572735534754301,
            1.4711792127073673
        ],
        [
            -5.97574044873515,
            -0.8915014020248839,
            0.7283630666691112
        ],
        [
            -4.361390689247006,
            -0.68896027735089,
            1.334570033786269
        ],
        [
            -4.239681231980235,
            -1.2112013696557957,
            0.21013898831626515
        ],
        [
            -4.9733676911023,
            0.21599826589906002,
            0.8856276426672594
        ],
        [
            -6.623327643708449,
            3.7211289447351756,
            0.5438894090220816
        ]
    ]
}