{
    "cameraid": "Ce16104a95c9ac266",
    "loc": [
        -9.512348797663506,
        0.928907167668028,
        2.8874999189226065
    ],
    "loc_prox": [
        -9.557189535202443,
        0.9075417576847826,
        2.7425900354607817
    ],
    "angle": -2.708134214504542,
    "angle_prox": -2.70820960283069,
    "fov": [
        3.0632897499387166,
        51.241002140681516,
        44.42282857493203
    ],
    "fov_prox": [
        4.073064047506487,
        52.250800649812476,
        44.422828574932005
    ],
    "R": [
        [
            -0.42459276189577877,
            0.9053282473293117,
            0.010087176678886084
        ],
        [
            0.4080559998041025,
            0.201297307265267,
            -0.8904884587189364
        ],
        [
            -0.8082148771023636,
            -0.3739788211588849,
            -0.45489400276880104
        ]
    ],
    "R_prox": [
        [
            -0.42475181983083793,
            0.9052546477201797,
            0.009995715652450618
        ],
        [
            0.4220975160724074,
            0.20779462604778046,
            -0.8824143472944934
        ],
        [
            -0.8008867450993898,
            -0.3705879331099116,
            -0.4703668837805533
        ]
    ],
    "rvec": [
        1.2184491018931891,
        1.9301407434091913,
        -1.1732890115608314
    ],
    "rvec_prox": [
        1.2273662978121438,
        1.944506528447489,
        -1.1586169910297
    ],
    "tvec": [
        -4.908404191835483,
        6.265584459318812,
        -6.027878866487611
    ],
    "tvec_prox": [
        -4.908404191835483,
        6.265584459318812,
        -6.027878866487611
    ],
    "dist": [
        -0.36963142,
        0.14456421,
        0.00159254,
        0.00068338,
        -0.02897618
    ],
    "dist_prox": [
        -0.36963142,
        0.14456421,
        0.00159254,
        0.00068338,
        -0.02897618
    ],
    "mtx": [
        [
            865.4,
            0.0,
            653.68
        ],
        [
            0.0,
            863.05,
            357.26
        ],
        [
            0.0,
            0.0,
            1.0
        ]
    ],
    "mtx_prox": [
        [
            865.4,
            0.0,
            653.68
        ],
        [
            0.0,
            863.05,
            357.26
        ],
        [
            0.0,
            0.0,
            1.0
        ]
    ],
    "rotate_angle": [
        27.058114388604977,
        114.83101972100054,
        0.6490010362865358
    ],
    "rotate_angle_prox": [
        28.058114388604977,
        114.83101972100054,
        0.6490010362865358
    ],
    "anchors": [
        [
            -12.968098093054566,
            -1.5733376383691402,
            1.3048413690841647
        ],
        [
            -13.144457302811611,
            -1.5818834564170081,
            0.5742369998556109
        ],
        [
            -11.117193045319318,
            -2.5854054496087344,
            0.685529080038552
        ],
        [
            -11.73710320313695,
            0.5044964916113064,
            1.0122684325194202
        ],
        [
            -14.31359826071048,
            -0.16691252714260907,
            1.3429530428155836
        ],
        [
            -12.196811515642494,
            0.3724284631206367,
            0.2161095084428834
        ],
        [
            -12.692073810130477,
            -1.7341899236475058,
            0.8153813301143409
        ],
        [
            -14.250332518269593,
            -3.1296582836218394,
            0.7106294636507637
        ],
        [
            -11.786843266091083,
            -3.9256068285265733,
            0.2912942754966707
        ],
        [
            -10.548192916071203,
            -1.0903870689264252,
            1.4460118264812294
        ],
        [
            -13.740979041633107,
            -3.051892902249904,
            1.461158268610197
        ],
        [
            -13.437694561796201,
            -0.5598934389933032,
            0.31668477410220486
        ],
        [
            -12.32827375615927,
            -0.7752755800358848,
            0.7767899414952031
        ],
        [
            -11.877361943765187,
            -3.7755170864166696,
            0.4960366269665379
        ],
        [
            -13.787730898781302,
            -1.422151827664797,
            1.3963380687756755
        ],
        [
            -11.738334507521113,
            -3.6322429495525745,
            0.1984361797879104
        ],
        [
            -14.27944282271391,
            0.6302878140494825,
            1.3481349205118076
        ],
        [
            -10.600147666034786,
            -1.42613015038271,
            1.0737913299663249
        ],
        [
            -13.760906795672666,
            -3.285744496742631,
            0.42223688975570345
        ],
        [
            -12.535870922106854,
            -1.2251021295631928,
            0.6483742204150287
        ]
    ]
}