{
    "cameraid": "Cf549692b2082d16b",
    "loc": [
        -4.683495825077074,
        -3.832695986658693,
        3.291567696229762
    ],
    "loc_prox": [
        -4.678214364588164,
        -3.8899920724661765,
        3.2313126750035472
    ],
    "angle": -1.4815091497169612,
    "angle_prox": -1.4815016255920854,
    "fov": [
        5.290180614203989,
        53.46654777408894,
        44.42282857493202
    ],
    "fov_prox": [
        6.298876860849755,
        54.475383535689076,
        44.42282857493202
    ],
    "R": [
        [
            -0.9951304502542632,
            -0.09744469726833575,
            0.014829630846045992
        ],
        [
            -0.060539267536768235,
            0.48551774850976676,
            -0.8721281516887976
        ],
        [
            0.07778421474090484,
            -0.8687790552587518,
            -0.48905272627892743
        ]
    ],
    "R_prox": [
        [
            -0.9951074832764292,
            -0.09770121755810451,
            0.014682261914137022
        ],
        [
            -0.061889951726832614,
            0.5006036645726306,
            -0.8634614090344186
        ],
        [
            0.07701123685866704,
            -0.8601455941316661,
            -0.5042011764101519
        ]
    ],
    "rvec": [
        0.14229952698384676,
        -2.675760295483304,
        1.568870505788412
    ],
    "rvec_prox": [
        0.14310046509874338,
        -2.689928589284721,
        1.545505085937038
    ],
    "tvec": [
        -5.082826063365173,
        4.447923620832239,
        -1.3564528157461382
    ],
    "tvec_prox": [
        -5.082826063365173,
        4.447923620832239,
        -1.3564528157461382
    ],
    "dist": [
        -0.36963142,
        0.14456421,
        0.00159254,
        0.00068338,
        -0.02897618
    ],
    "dist_prox": [
        -0.36963142,
        0.14456421,
        0.00159254,
        0.00068338,
        -0.02897618
    ],
    "mtx": [
        [
            865.4,
            0.0,
            653.68
        ],
        [
            0.0,
            863.05,
            357.26
        ],
        [
            0.0,
            0.0,
            1.0
        ]
    ],
    "mtx_prox": [
        [
            865.4,
            0.0,
            653.68
        ],
        [
            0.0,
            863.05,
            357.26
        ],
        [
            0.0,
            0.0,
            1.0
        ]
    ],
    "rotate_angle": [
        29.278339020668792,
        -174.88379048819732,
        0.9741611729892152
    ],
    "rotate_angle_prox": [
        30.278339020668792,
        -174.88379048819732,
        0.9741611729892152
    ],
    "anchors": [
        [
            -3.624845866880314,
            -5.495051419465311,
            1.0179731602622144
        ],
        [
            -3.679817620717883,
            -6.212865426953355,
            0.2241223508714824
        ],
        [
            -6.288340072732887,
            -7.347008603935455,
            0.685529080038552
        ],
        [
            -3.3452452514560855,
            -7.686252396867182,
            0.34963571134715754
        ],
        [
            -4.191431331822244,
            -6.903924160348007,
            0.4998253295354728
        ],
        [
            -3.3464114862181527,
            -6.042680793307202,
            0.27893988563502586
        ],
        [
            -3.4242683324756467,
            -6.334073003868408,
            0.6408843624295846
        ],
        [
            -6.95799029350465,
            -8.687209982853295,
            0.2912942754966707
        ],
        [
            -1.8968746557065046,
            -6.99258284097087,
            0.3093155847238302
        ],
        [
            -0.6146101689472783,
            -7.6815396431162055,
            0.5583107769457787
        ],
        [
            -1.237964052699228,
            -7.474027230371609,
            1.2834890828233907
        ],
        [
            -5.719339943484771,
            -5.851990223253146,
            1.4460118264812294
        ],
        [
            -4.169590409909105,
            -5.6848898588699806,
            1.003789253544526
        ],
        [
            -6.02955582702678,
            -7.750385086264272,
            0.21295321192461314
        ],
        [
            -1.3906540455837941,
            -6.962636891443333,
            0.8220572179582146
        ],
        [
            -3.3801082289777575,
            -7.3402649543013805,
            1.0413734759311315
        ],
        [
            -7.048508971178756,
            -8.537120240743391,
            0.4960366269665379
        ],
        [
            -6.003409562818678,
            -7.882913617339062,
            1.1175099042557748
        ],
        [
            -2.1857441323831637,
            -6.393910884989127,
            0.9136475505223347
        ],
        [
            -2.3262378046070804,
            -7.965322122021258,
            0.3391241906210316
        ]
    ]
}